Date,AGG,EEM,EFA,GLD,SPY,VNQ
2016-01-04,79.65772247314453,24.95182228088379,42.19697952270508,102.88999938964844,169.05178833007812,51.48661804199219
2016-01-05,79.69461059570312,25.007604598999023,42.13129806518555,103.18000030517578,169.3377227783203,52.48013687133789
2016-01-06,79.99710083007812,24.529455184936523,41.4379997253418,104.66999816894531,167.2016143798828,52.336360931396484
2016-01-07,79.98970031738281,23.772367477416992,40.576839447021484,106.1500015258789,163.19021606445312,51.316688537597656
2016-01-08,80.16679382324219,23.517351150512695,40.08786392211914,105.68000030517578,161.39891052246094,50.63035583496094
2016-01-11,79.93809509277344,23.509380340576172,40.25571823120117,104.73999786376953,161.5587615966797,50.91796112060547
2016-01-12,80.11518096923828,23.55719757080078,40.44546890258789,104.20999908447266,162.86221313476562,50.57805633544922
2016-01-13,80.29954528808594,23.310152053833008,39.817848205566406,104.72000122070312,158.8003692626953,49.85255432128906
2016-01-14,80.27007293701172,23.61298179626465,40.328697204589844,103.0199966430664,161.4073486328125,49.73489761352539
2016-01-15,80.3659896850586,22.68057632446289,38.86910629272461,104.08000183105469,157.9425048828125,49.39500427246094
2016-01-19,80.28483581542969,23.015283584594727,39.226715087890625,103.9800033569336,158.1527862548828,49.656455993652344
2016-01-20,80.35128021240234,22.51322364807129,38.336341857910156,105.37000274658203,156.1260528564453,48.32304000854492
2016-01-21,80.24056243896484,22.60088539123535,38.620967864990234,105.48999786376953,157.0006561279297,48.59103775024414
2016-01-22,80.29954528808594,23.3739070892334,39.759456634521484,105.0,160.22154235839844,49.944053649902344
2016-01-25,80.25531768798828,22.975444793701172,39.226715087890625,106.08000183105469,157.79959106445312,49.63029479980469
2016-01-26,80.35858917236328,23.310152053833008,39.92731475830078,107.29000091552734,159.95248413085938,50.66960144042969
2016-01-27,80.37338256835938,23.230457305908203,39.67188262939453,107.69000244140625,158.211669921875,49.689144134521484
2016-01-28,80.43977355957031,23.597047805786133,39.78865051269531,106.54000091552734,159.0358428955078,49.310028076171875
2016-01-29,80.67585754394531,24.362092971801758,40.489253997802734,106.94999694824219,162.91265869140625,50.32316207885742
2016-02-01,80.57825469970703,24.130985260009766,40.44546890258789,108.05000305175781,162.85382080078125,50.40813446044922
2016-02-02,80.82225036621094,23.349998474121094,39.504024505615234,108.08999633789062,159.91888427734375,49.95060348510742
2016-02-03,80.81484985351562,24.011444091796875,39.832435607910156,109.25,160.87753295898438,50.28394317626953
2016-02-04,80.89618682861328,24.19474220275879,39.883522033691406,110.56999969482422,161.12982177734375,50.310081481933594
2016-02-05,80.82225036621094,23.915813446044922,39.27048873901367,112.31999969482422,158.06028747558594,49.35578918457031
2016-02-08,81.13275146484375,23.589075088500977,38.54069519042969,113.83000183105469,155.93264770507812,47.94393539428711
2016-02-09,81.1253433227539,23.2623348236084,38.09551239013672,113.58000183105469,155.94107055664062,47.06153106689453
2016-02-10,81.32502746582031,23.35796546936035,38.051734924316406,114.45999908447266,155.80645751953125,47.38834762573242
2016-02-11,81.37673950195312,22.967472076416016,37.49707794189453,119.05999755859375,153.7797393798828,46.715118408203125
2016-02-12,81.1549301147461,23.365934371948242,38.153900146484375,118.36000061035156,156.95021057128906,47.25109100341797
2016-02-16,80.95527648925781,23.883934020996094,38.927486419677734,114.7699966430664,159.59925842285156,48.120426177978516
2016-02-17,80.91096496582031,24.354122161865234,39.59889602661133,115.4800033569336,162.20626831054688,48.53221893310547
2016-02-18,81.1549301147461,24.210678100585938,39.394554138183594,118.29000091552734,161.5419158935547,49.02244186401367
2016-02-19,81.16971588134766,24.099109649658203,39.350772857666016,117.58000183105469,161.4662322998047,49.30350112915039
2016-02-22,81.19192504882812,24.69680404663086,39.79594039916992,115.48999786376953,163.8040771484375,49.77409744262695
2016-02-23,81.2066650390625,24.17082977294922,39.146427154541016,117.22000122070312,161.7353515625,49.64337921142578
2016-02-24,81.23626708984375,24.11505126953125,39.00776672363281,117.61000061035156,162.47537231445312,49.584564208984375
2016-02-25,81.44329071044922,24.19474220275879,39.474830627441406,117.91999816894531,164.44326782226562,50.59769821166992
2016-02-26,81.29537963867188,23.955657958984375,39.37266540527344,117.11000061035156,164.06480407714844,50.336238861083984
2016-02-29,81.3915023803711,24.16286849975586,39.139122009277344,118.63999938964844,162.7781219482422,50.14013671875
2016-03-01,81.1478042602539,25.02354621887207,40.16084671020508,117.7699966430664,166.6045684814453,51.55198287963867
2016-03-02,81.05889892578125,25.358251571655273,40.43817138671875,118.68000030517578,167.3529510498047,51.92457580566406
2016-03-03,81.15520477294922,25.6451473236084,40.83224868774414,120.7300033569336,168.0089569091797,52.1990852355957
2016-03-04,81.02924346923828,26.155187606811523,41.13148498535156,120.54000091552734,168.55557250976562,52.205623626708984
2016-03-07,81.0070571899414,26.11533546447754,41.08039474487305,121.13999938964844,168.6901397705078,52.34288024902344
2016-03-08,81.20706176757812,25.669057846069336,40.67900085449219,120.58000183105469,166.84840393066406,51.80690383911133
2016-03-09,81.1700210571289,25.828441619873047,40.83224868774414,119.58000183105469,167.67257690429688,52.09451675415039
2016-03-10,81.20706176757812,25.868288040161133,40.766578674316406,121.5,167.80709838867188,51.90494918823242
2016-03-11,81.05889892578125,26.41019630432129,41.832088470458984,119.41000366210938,170.51499938964844,53.06842041015625
2016-03-14,81.10337829589844,26.250816345214844,41.74452209472656,117.87000274658203,170.29638671875,53.0749626159668
2016-03-15,81.02924346923828,25.87626075744629,41.350425720214844,117.95999908447266,170.0188751220703,53.10110855102539
2016-03-16,81.37742614746094,26.394262313842773,41.7153205871582,120.58999633789062,171.0027618408203,53.741676330566406
2016-03-17,81.54784393310547,26.976016998291016,42.03643035888672,120.12999725341797,172.08767700195312,54.49987030029297
2016-03-18,81.614501953125,27.119464874267578,41.96345520019531,119.80000305175781,172.76393127441406,54.26455307006836
2016-03-21,81.43672943115234,27.175251007080078,41.89777374267578,118.95999908447266,173.0089874267578,53.77479934692383
2016-03-22,81.3848648071289,27.111499786376953,41.82478713989258,119.30999755859375,172.9160614013672,53.77479934692383
2016-03-23,81.56262969970703,26.649280548095703,41.40150833129883,116.61000061035156,171.77488708496094,53.48399353027344
2016-03-24,81.57007598876953,26.585525512695312,41.12417984008789,116.33000183105469,171.69886779785156,53.50379943847656
2016-03-28,81.62933349609375,26.67319107055664,41.372310638427734,116.5999984741211,171.80026245117188,53.9863166809082
2016-03-29,81.87374114990234,27.039772033691406,41.8174934387207,118.76000213623047,173.38943481445312,55.15620040893555
2016-03-30,81.84418487548828,27.31869125366211,42.13129806518555,117.0999984741211,174.1502227783203,55.05044174194336
2016-03-31,82.10340881347656,27.2947940826416,41.7153205871582,117.63999938964844,173.72760009765625,55.38752365112305
2016-04-01,82.03070068359375,27.215103149414062,41.2701416015625,116.93000030517578,174.9110107421875,55.314815521240234
2016-04-04,82.11235809326172,26.888362884521484,41.18256759643555,116.1500015258789,174.3446502685547,55.2354850769043
2016-04-05,82.22370910644531,26.362382888793945,40.37248992919922,117.66000366210938,172.60333251953125,54.87196731567383
2016-04-06,82.20884704589844,26.681156158447266,41.02931594848633,116.94000244140625,174.4883270263672,55.004180908203125
2016-04-07,82.38697814941406,26.147216796875,40.43088150024414,118.61000061035156,172.40040588378906,54.66046905517578
2016-04-08,82.30530548095703,26.60146713256836,41.20445251464844,118.43000030517578,172.86534118652344,54.96451187133789
2016-04-11,82.36467742919922,26.94414520263672,41.22636413574219,120.02999877929688,172.45960998535156,54.852149963378906
2016-04-12,82.23114013671875,27.358545303344727,41.83938980102539,120.05000305175781,174.06565856933594,55.248722076416016
2016-04-13,82.26823425292969,27.844675064086914,42.503501892089844,118.7699966430664,175.82391357421875,55.004180908203125
2016-04-14,82.12713623046875,27.709197998046875,42.64216613769531,117.11000061035156,175.83236694335938,54.70012664794922
2016-04-15,82.3572998046875,27.549808502197266,42.54729080200195,117.91999816894531,175.63796997070312,55.10991668701172
2016-04-18,82.34989166259766,27.67731475830078,42.91218566894531,117.73999786376953,176.8721160888672,55.37430191040039
2016-04-19,82.34245300292969,28.09968376159668,43.65658187866211,119.58000183105469,177.429931640625,55.40072250366211
2016-04-20,82.14202880859375,27.972179412841797,43.693077087402344,118.97000122070312,177.59909057617188,54.46220397949219
2016-04-21,82.03070068359375,27.69325828552246,43.43034362792969,119.41999816894531,176.6438751220703,53.4905891418457
2016-04-22,82.03810119628906,27.525896072387695,43.452247619628906,117.88999938964844,176.6438751220703,54.072227478027344
2016-04-25,81.94901275634766,27.350576400756836,43.233306884765625,118.2300033569336,176.339599609375,54.52167892456055
2016-04-26,81.91190338134766,27.64543914794922,43.386558532714844,118.69999694824219,176.6016387939453,54.73318099975586
2016-04-27,82.15692901611328,27.812793731689453,43.415748596191406,119.04000091552734,176.96507263183594,54.70012664794922
2016-04-28,82.3201675415039,27.525896072387695,42.82461166381836,121.29000091552734,175.35899353027344,54.5877799987793
2016-04-29,82.31277465820312,27.406362533569336,42.64216613769531,123.6500015258789,174.41226196289062,54.08545684814453
2016-05-02,82.25698852539062,27.334640502929688,43.043556213378906,123.23999786376953,175.79861450195312,54.92485427856445
2016-05-03,82.40572357177734,26.561614990234375,42.335655212402344,122.95999908447266,174.26849365234375,55.01078414916992
2016-05-04,82.44288635253906,26.13127326965332,41.846683502197266,122.20999908447266,173.29644775390625,55.79728698730469
2016-05-05,82.65113830566406,26.12330436706543,41.75910949707031,122.06999969482422,173.26266479492188,55.95594787597656
2016-05-06,82.52472686767578,26.16315460205078,41.875885009765625,123.18000030517578,173.89657592773438,56.570621490478516
2016-05-09,82.57673645019531,25.828441619873047,41.788299560546875,120.6500015258789,174.0403594970703,57.19191360473633
2016-05-10,82.61388397216797,26.322540283203125,42.38673400878906,120.9800033569336,176.2042999267578,57.18528366088867
2016-05-11,82.61388397216797,26.258785247802734,42.0218391418457,122.12000274658203,174.55599975585938,55.962528228759766
2016-05-12,82.53955841064453,26.187061309814453,42.007240295410156,121.16000366210938,174.60670471191406,56.28643798828125
2016-05-13,82.69573211669922,25.716875076293945,41.57666015625,121.70999908447266,173.08514404296875,55.78409194946289
2016-05-16,82.554443359375,26.02767562866211,42.07292175292969,121.80000305175781,174.7926788330078,56.3128547668457
2016-05-17,82.44288635253906,25.90813446044922,41.76639938354492,122.22000122070312,173.16119384765625,55.26854705810547
2016-05-18,82.10082244873047,25.653121948242188,41.781002044677734,120.0999984741211,173.2119598388672,54.4026985168457
2016-05-19,82.15290069580078,25.414039611816406,41.481781005859375,119.87000274658203,172.61170959472656,53.79463195800781
2016-05-20,82.20489501953125,25.669057846069336,41.82478713989258,119.70999908447266,173.70220947265625,54.22423553466797
2016-05-23,82.19007110595703,25.621244430541992,41.686126708984375,119.37000274658203,173.46548461914062,54.23085021972656
2016-05-24,82.14544677734375,25.88422966003418,42.2918586730957,117.30000305175781,175.71401977539062,54.905025482177734
2016-05-25,82.16032409667969,26.195030212402344,42.737037658691406,116.9800033569336,176.90591430664062,54.905025482177734
2016-05-26,82.28671264648438,26.370351791381836,42.85380554199219,116.58000183105469,176.9565887451172,55.01078414916992
2016-05-27,82.27184295654297,26.362382888793945,42.81001663208008,115.62000274658203,177.71742248535156,55.308197021484375
2016-05-31,82.32392120361328,26.394262313842773,42.605674743652344,116.05999755859375,177.3793182373047,55.301605224609375
2016-06-01,82.27774047851562,26.378318786621094,42.569175720214844,115.94000244140625,177.7427978515625,55.34785842895508
2016-06-02,82.48637390136719,26.593496322631836,42.569175720214844,115.66999816894531,178.28375244140625,55.63206100463867
2016-06-03,82.93342590332031,26.999929428100586,42.84650421142578,118.87999725341797,177.751220703125,55.856788635253906
2016-06-06,82.82166290283203,27.286823272705078,43.08735275268555,118.91999816894531,178.6557159423828,55.42717361450195
2016-06-07,82.89620208740234,27.533864974975586,43.40114974975586,118.81999969482422,178.9346160888672,55.76424789428711
2016-06-08,82.92598724365234,27.73309898376465,43.488731384277344,120.58000183105469,179.51785278320312,56.12117385864258
2016-06-09,82.98555755615234,27.414339065551758,42.95597457885742,121.25,179.2727508544922,56.246742248535156
2016-06-10,83.09735107421875,26.72100257873535,41.70802307128906,121.73999786376953,177.57373046875,55.982383728027344
2016-06-13,83.16443634033203,26.346446990966797,41.10228729248047,122.63999938964844,176.2042999267578,55.995582580566406
2016-06-14,83.1271743774414,26.258785247802734,40.44546890258789,122.7699966430664,175.85768127441406,55.85018539428711
2016-06-15,83.30602264404297,26.53770637512207,40.715484619140625,123.68000030517578,175.61260986328125,56.37894821166992
2016-06-16,83.35816955566406,26.442081451416016,40.80306625366211,122.37999725341797,176.1366729736328,56.696189880371094
2016-06-17,83.29854583740234,26.513803482055664,41.20445251464844,123.94999694824219,175.4807586669922,56.60367202758789
2016-06-20,83.06754302978516,26.98398780822754,42.22617721557617,123.20999908447266,176.61083984375,56.682979583740234
2016-06-21,83.0079345703125,27.191186904907227,42.569175720214844,120.83999633789062,177.11215209960938,56.89905548095703
2016-06-22,83.06008911132812,27.260257720947266,42.543113708496094,120.9000015258789,176.8232421875,56.812355041503906
2016-06-23,82.91852569580078,27.918880462646484,43.71989822387695,120.11000061035156,179.1259307861328,57.09911346435547
2016-06-24,83.36555480957031,26.224145889282227,39.96609878540039,126.0,172.69371032714844,56.5922737121582
2016-06-27,83.70091247558594,25.886808395385742,39.19895935058594,126.68000030517578,169.6007843017578,56.63228988647461
2016-06-28,83.80521392822266,26.64984130859375,40.22677993774414,125.31999969482422,172.65969848632812,57.82603454589844
2016-06-29,83.7456283569336,27.324520111083984,40.964134216308594,125.83999633789062,175.59967041015625,58.5262451171875
2016-06-30,83.91703033447266,27.597599029541016,41.57487106323242,126.47000122070312,177.99581909179688,59.13313293457031
2016-07-01,84.09768676757812,27.862655639648438,41.57487106323242,128.41000366210938,178.36973571777344,59.15312576293945
2016-07-05,84.32162475585938,27.26829719543457,40.77048873901367,129.47000122070312,177.08668518066406,59.80667495727539
2016-07-06,84.4784164428711,27.196006774902344,40.696006774902344,130.22999572753906,178.14877319335938,59.546600341796875
2016-07-07,84.418701171875,27.12372398376465,40.532142639160156,129.74000549316406,178.038330078125,58.93305587768555
2016-07-08,84.54559326171875,27.710052490234375,41.15033721923828,130.52000427246094,180.68936157226562,59.886722564697266
2016-07-11,84.32162475585938,27.975107192993164,41.753623962402344,129.2899932861328,181.32664489746094,60.286827087402344
2016-07-12,84.06779479980469,28.368667602539062,42.319671630859375,127.1500015258789,182.6437225341797,60.28017044067383
2016-07-13,84.18727111816406,28.320472717285156,42.27497863769531,128.32000732421875,182.6182098388672,60.6136360168457
2016-07-14,84.11260986328125,28.730106353759766,42.63993835449219,127.33000183105469,183.6378631591797,60.07345199584961
2016-07-15,83.80653381347656,28.665847778320312,42.423946380615234,126.83999633789062,183.39144897460938,60.09345626831055
2016-07-18,83.82144165039062,28.922866821289062,42.528221130371094,127.04000091552734,183.88427734375,60.25349807739258
2016-07-19,83.9931411743164,28.625686645507812,42.19306564331055,127.20999908447266,183.69735717773438,60.54695510864258
2016-07-20,83.91849517822266,28.770265579223633,42.57291030883789,125.38999938964844,184.46209716796875,60.553611755371094
2016-07-21,83.9931411743164,28.68190574645996,42.40159225463867,127.30000305175781,183.7653350830078,60.673641204833984
2016-07-22,84.00808715820312,28.890735626220703,42.4835319519043,126.3499984741211,184.58953857421875,61.2071533203125
2016-07-25,83.91106414794922,28.601591110229492,42.431396484375,125.47000122070312,184.0882110595703,61.09376907348633
2016-07-26,83.91106414794922,28.826480865478516,42.61014938354492,126.0,184.1732177734375,60.793678283691406
2016-07-27,84.15739440917969,28.922866821289062,42.76655578613281,128.02999877929688,183.97775268554688,60.3202018737793
2016-07-28,84.14997100830078,28.9309024810791,42.72187042236328,127.66000366210938,184.19020080566406,60.8803825378418
2016-07-29,84.3739013671875,29.083505630493164,43.22833251953125,128.97999572753906,184.48757934570312,61.653968811035156
2016-08-01,84.17716979980469,29.02727508544922,42.945308685302734,129.22000122070312,184.33462524414062,61.787357330322266
2016-08-02,83.93036651611328,28.818452835083008,42.72930908203125,130.27000427246094,183.15353393554688,60.80035400390625
2016-08-03,84.02012634277344,28.914838790893555,42.58035659790039,129.64999389648438,183.68882751464844,60.4468879699707
2016-08-04,84.17716979980469,29.075468063354492,42.82614517211914,129.8699951171875,183.88427734375,60.20014953613281
2016-08-05,83.89298248291016,29.41281509399414,43.0197868347168,127.55000305175781,185.3882293701172,60.24018859863281
2016-08-08,83.94538116455078,29.62163734436035,43.109161376953125,127.44000244140625,185.2777557373047,60.34686279296875
2016-08-09,84.16224670410156,29.822439193725586,43.4517707824707,127.95999908447266,185.3882293701172,60.673641204833984
2016-08-10,84.25946044921875,29.830476760864258,43.600730895996094,128.55999755859375,184.92945861816406,60.606971740722656
2016-08-11,84.03508758544922,30.21599769592285,43.913551330566406,127.66999816894531,185.78761291503906,59.92006301879883
2016-08-12,84.23704528808594,30.103553771972656,43.80183410644531,127.4000015258789,185.62620544433594,60.17349624633789
2016-08-15,84.08744812011719,30.416797637939453,43.973140716552734,127.83999633789062,186.16148376464844,60.113460540771484
2016-08-16,84.03508758544922,30.280254364013672,43.90610885620117,128.47000122070312,185.20127868652344,59.39322280883789
2016-08-17,84.19216918945312,30.08748435974121,43.891212463378906,128.5,185.54966735839844,59.633277893066406
2016-08-18,84.31181335449219,30.368610382080078,44.11464309692383,129.11000061035156,185.96607971191406,59.41322708129883
2016-08-19,84.12489318847656,30.199947357177734,43.78693771362305,127.97000122070312,185.69410705566406,59.03307342529297
2016-08-22,84.25199890136719,29.798343658447266,43.83161926269531,127.77999877929688,185.68565368652344,59.35319900512695
2016-08-23,84.27440643310547,29.6778621673584,44.01782989501953,127.76000213623047,186.05950927734375,59.386566162109375
2016-08-24,84.24449920654297,29.758182525634766,43.913551330566406,126.33999633789062,185.1078643798828,59.12646484375
2016-08-25,84.1547622680664,29.78227996826172,43.734798431396484,126.2300033569336,184.98040771484375,59.39322280883789
2016-08-26,84.02012634277344,29.525259017944336,43.474117279052734,126.05000305175781,184.6319580078125,58.806358337402344
2016-08-29,84.25199890136719,29.750152587890625,43.60818099975586,126.30000305175781,185.5412139892578,59.386566162109375
2016-08-30,84.20709991455078,29.66983413696289,43.54859924316406,125.02999877929688,185.2352752685547,59.27315902709961
2016-08-31,84.19216918945312,29.340530395507812,43.45922088623047,124.77999877929688,184.70849609375,59.33318328857422
2016-09-01,84.26557159423828,29.565414428710938,43.757144927978516,125.29000091552734,184.71701049804688,59.186458587646484
2016-09-02,84.15313720703125,30.047332763671875,44.263607025146484,126.56999969482422,185.54966735839844,59.69999313354492
2016-09-06,84.3330078125,30.689882278442383,44.561527252197266,128.7100067138672,186.11048889160156,60.1601448059082
2016-09-07,84.37796783447266,30.5935001373291,44.5838623046875,128.27000427246094,186.09349060058594,60.520259857177734
2016-09-08,84.08575439453125,30.513179779052734,44.457252502441406,127.58999633789062,185.6686553955078,59.780025482177734
2016-09-09,83.71854400634766,29.485097885131836,43.59328842163086,126.75,181.22467041015625,57.41254806518555
2016-09-12,83.78600311279297,29.68589210510254,43.95079803466797,126.58999633789062,183.82481384277344,58.09279251098633
2016-09-13,83.55380249023438,28.938926696777344,43.06447219848633,125.75,181.1822052001953,56.634300231933594
2016-09-14,83.65868377685547,29.02727508544922,43.0048828125,126.18000030517578,181.1142578125,56.81559371948242
2016-09-15,83.71112823486328,29.525259017944336,43.37729263305664,125.37000274658203,182.9241180419922,57.030460357666016
2016-09-16,83.77101135253906,29.324462890625,42.81869125366211,125.05999755859375,182.2169647216797,57.057342529296875
2016-09-19,83.70364379882812,29.557390213012695,43.0421257019043,125.31999969482422,182.25115966796875,57.57438278198242
2016-09-20,83.73356628417969,29.57344627380371,43.30281066894531,125.44000244140625,182.25970458984375,57.48707962036133
2016-09-21,83.94337463378906,30.40073013305664,44.06251525878906,127.2699966430664,184.3092803955078,58.225746154785156
2016-09-22,84.11576080322266,30.617603302001953,44.5093879699707,127.56999969482422,185.47073364257812,59.26656723022461
2016-09-23,84.09325408935547,30.224035263061523,44.136993408203125,127.6500015258789,184.45445251464844,59.4478645324707
2016-09-26,84.1981430053711,29.78227996826172,43.72734451293945,127.55000305175781,182.9600067138672,59.588890075683594
2016-09-27,84.30304718017578,30.207977294921875,43.9359016418457,126.62000274658203,184.09579467773438,58.95769119262695
2016-09-28,84.32553100585938,30.48105812072754,44.24871063232422,126.22000122070312,185.0095672607422,59.44113540649414
2016-09-29,84.32553100585938,29.950956344604492,43.69755554199219,126.06999969482422,183.33570861816406,58.648765563964844
2016-09-30,84.23558044433594,30.079458236694336,44.0401725769043,125.63999938964844,184.71925354003906,58.24589157104492
2016-10-03,84.14024353027344,30.288291931152344,43.92100524902344,125.31999969482422,184.275146484375,57.15806579589844
2016-10-04,83.85506439208984,29.950956344604492,43.913551330566406,120.97000122070312,183.33570861816406,56.379127502441406
2016-10-05,83.74244689941406,30.384679794311523,44.09230422973633,120.77999877929688,184.1470184326172,55.23757553100586
2016-10-06,83.74244689941406,30.408771514892578,43.85396957397461,119.66000366210938,184.275146484375,55.257694244384766
2016-10-07,83.75745391845703,30.27222442626953,43.630531311035156,119.73999786376953,183.64312744140625,55.163700103759766
2016-10-10,83.71992492675781,30.60152816772461,43.757144927978516,120.16000366210938,184.5996856689453,55.50615692138672
2016-10-11,83.59230041503906,29.894723892211914,43.13896179199219,119.55000305175781,182.2682342529297,54.9689826965332
2016-10-12,83.6223373413086,29.8385066986084,43.0421257019043,119.73999786376953,182.50733947753906,55.60017013549805
2016-10-13,83.74244689941406,29.57344627380371,42.87826919555664,120.02999877929688,181.90953063964844,56.036659240722656
2016-10-14,83.59981536865234,29.62163734436035,42.952754974365234,119.36000061035156,182.0034942626953,55.7882080078125
2016-10-17,83.74244689941406,29.589508056640625,42.82614517211914,119.68000030517578,181.37159729003906,55.909061431884766
2016-10-18,83.87755584716797,30.11158561706543,43.25067901611328,120.41999816894531,182.50733947753906,56.264957427978516
2016-10-19,83.92255401611328,30.296323776245117,43.369842529296875,121.11000061035156,182.99417114257812,56.38583755493164
2016-10-20,83.89258575439453,30.207977294921875,43.436885833740234,120.73999786376953,182.65255737304688,56.25824737548828
2016-10-21,83.94509887695312,30.199947357177734,43.340049743652344,120.83000183105469,182.73789978027344,56.050071716308594
2016-10-24,83.81747436523438,30.328439712524414,43.33260726928711,120.55999755859375,183.5150909423828,56.17766189575195
2016-10-25,83.81747436523438,30.360572814941406,43.30281066894531,121.47000122070312,182.90017700195312,56.07694625854492
2016-10-26,83.65238189697266,30.039304733276367,43.109161376953125,120.79000091552734,182.53294372558594,55.34499740600586
2016-10-27,83.44215393066406,29.78227996826172,43.05702590942383,121.01000213623047,182.04623413085938,53.89458084106445
2016-10-28,83.44215393066406,29.66179656982422,43.0421257019043,121.58000183105469,181.50816345214844,54.02216720581055
2016-10-31,83.54727172851562,29.830476760864258,43.06447219848633,121.94000244140625,181.51673889160156,54.90180969238281
2016-11-01,83.50215911865234,29.589508056640625,42.87826919555664,122.7300033569336,180.20155334472656,53.706539154052734
2016-11-02,83.59989166259766,29.236114501953125,42.587799072265625,123.63999938964844,179.1169891357422,52.92088317871094
2016-11-03,83.48709106445312,29.155786514282227,42.543113708496094,124.30000305175781,178.2971649169922,52.511260986328125
2016-11-04,83.66004943847656,28.858604431152344,42.13346862792969,124.38999938964844,178.1007537841797,52.92761993408203
2016-11-07,83.56230926513672,29.90276336669922,42.714412689208984,122.1500015258789,182.02914428710938,53.85427474975586
2016-11-08,83.42694854736328,30.09552764892578,42.83358383178711,121.63999938964844,182.84896850585938,54.13631057739258
2016-11-09,82.65230560302734,29.115631103515625,42.87083053588867,121.55999755859375,184.78749084472656,53.317073822021484
2016-11-10,82.3138656616211,28.28835105895996,42.75165939331055,119.75,185.24864196777344,52.423988342285156
2016-11-11,82.16346740722656,27.750205993652344,42.4909782409668,117.0999984741211,184.8217010498047,52.739585876464844
2016-11-14,81.83250427246094,27.549407958984375,42.26008987426758,116.11000061035156,184.9668426513672,53.98857116699219
2016-11-15,81.89273071289062,28.103614807128906,42.4462890625,117.12000274658203,186.41012573242188,53.538665771484375
2016-11-16,82.07324981689453,27.87069320678711,41.99940872192383,116.7699966430664,186.05996704101562,53.384220123291016
2016-11-17,81.76484680175781,27.91084861755371,42.319671630859375,116.16999816894531,187.01649475097656,52.8403205871582
2016-11-18,81.50164794921875,27.782337188720703,41.85789489746094,115.1500015258789,186.5979766845703,52.99476623535156
2016-11-21,81.56928253173828,28.0554256439209,42.215396881103516,115.58000183105469,188.0070343017578,52.83359909057617
2016-11-22,81.64453125,28.48111343383789,42.319671630859375,115.54000091552734,188.3743438720703,53.760276794433594
2016-11-23,81.3587417602539,28.175901412963867,42.170711517333984,113.25,188.47677612304688,53.53196716308594
2016-11-25,81.35123443603516,28.312440872192383,42.29732131958008,112.61000061035156,189.1770782470703,53.84083938598633
2016-11-28,81.63703918457031,28.424884796142578,42.07389831542969,113.80000305175781,188.2889404296875,54.08930587768555
2016-11-29,81.72725677490234,28.46505355834961,42.34201431274414,113.2699966430664,188.6561279296875,54.60635757446289
2016-11-30,81.40385437011719,28.51323890686035,42.29732131958008,111.75,188.20352172851562,53.98186111450195
2016-12-01,81.13562774658203,28.175901412963867,42.13346862792969,111.54000091552734,187.51177978515625,53.189510345458984
2016-12-02,81.39181518554688,28.208024978637695,42.23774719238281,112.13999938964844,187.60572814941406,53.719974517822266
2016-12-05,81.45960998535156,28.44095230102539,42.65483474731445,111.54000091552734,188.7330322265625,54.11615753173828
2016-12-06,81.44453430175781,28.59355926513672,42.945308685302734,111.43000030517578,189.3307342529297,54.46533966064453
2016-12-07,81.65552520751953,29.075468063354492,43.585838317871094,111.83000183105469,191.80731201171875,55.55317306518555
2016-12-08,81.5048599243164,29.20398712158203,43.54859924316406,111.56999969482422,192.2770538330078,55.935935974121094
2016-12-09,81.25617980957031,29.051376342773438,43.734798431396484,110.4000015258789,193.43850708007812,55.87549591064453
2016-12-12,81.18085479736328,28.858604431152344,43.54114532470703,110.81999969482422,193.21644592285156,56.24482345581055
2016-12-13,81.28631591796875,29.179887771606445,44.010379791259766,110.44999694824219,194.50596618652344,56.21795654296875
2016-12-14,80.84175109863281,28.312440872192383,43.36240768432617,108.83000183105469,192.90049743652344,54.98910903930664
2016-12-15,80.74378967285156,28.360633850097656,43.26557922363281,107.33999633789062,193.6947021484375,54.66679382324219
2016-12-16,80.79655456542969,28.232126235961914,43.29536819458008,108.05000305175781,193.3158721923828,55.486026763916016
2016-12-19,81.00753784179688,28.039356231689453,43.22833251953125,108.58999633789062,193.7367706298828,56.08365249633789
2016-12-20,80.93218231201172,28.1357421875,43.37729263305664,107.79000091552734,194.48414611816406,56.21123504638672
2016-12-21,81.10548400878906,28.01875877380371,43.38932800292969,107.8499984741211,193.94297790527344,55.358428955078125
2016-12-22,81.1047134399414,27.685688018798828,43.29151153564453,107.58999633789062,193.60792541503906,55.26588439941406
2016-12-23,81.12736511230469,27.848154067993164,43.404388427734375,107.93000030517578,193.89138793945312,55.409847259521484
2016-12-27,81.06694793701172,27.970016479492188,43.351715087890625,108.55999755859375,194.3724822998047,55.526397705078125
2016-12-28,81.19538879394531,28.18123435974121,43.186153411865234,108.86000061035156,192.7660675048828,55.190460205078125
2016-12-29,81.44456481933594,28.644287109375,43.29151153564453,110.29000091552734,192.72315979003906,55.87604522705078
2016-12-30,81.6107406616211,28.441194534301758,43.44200134277344,109.61000061035156,192.0187225341797,56.58220672607422
2017-01-03,81.69380950927734,28.782390594482422,43.712913513183594,110.47000122070312,193.48770141601562,56.767333984375
2017-01-04,81.7164535522461,29.00172996520996,44.20956039428711,110.86000061035156,194.63877868652344,57.5969123840332
2017-01-05,82.0563735961914,29.318557739257812,44.5858154296875,112.58000183105469,194.48414611816406,57.782005310058594
2017-01-06,81.784423828125,29.196699142456055,44.4353141784668,111.75,195.1799774169922,57.788856506347656
2017-01-09,81.92041015625,29.172332763671875,44.367584228515625,112.66999816894531,194.53570556640625,57.267818450927734
2017-01-10,81.89772033691406,29.34292984008789,44.375118255615234,113.1500015258789,194.53570556640625,56.781028747558594
2017-01-11,81.99588775634766,29.692245483398438,44.60839080810547,113.5,195.08546447753906,56.431392669677734
2017-01-12,82.02611541748047,29.822227478027344,44.676109313964844,113.91000366210938,194.59580993652344,56.719356536865234
2017-01-13,81.88263702392578,29.797855377197266,44.84166717529297,114.20999908447266,195.04249572753906,56.637062072753906
2017-01-17,82.16206359863281,29.781606674194336,44.676109313964844,115.8499984741211,194.3553009033203,57.07584762573242
2017-01-18,81.80711364746094,29.619138717651367,44.548194885253906,114.87000274658203,194.78480529785156,57.171852111816406
2017-01-19,81.59565734863281,29.529773712158203,44.4353141784668,114.7699966430664,194.063232421875,56.589073181152344
2017-01-20,81.62582397460938,29.586637496948242,44.691165924072266,115.05000305175781,194.7761993408203,57.00043487548828
2017-01-23,81.8523941040039,30.02531623840332,44.804046630859375,115.79000091552734,194.26939392089844,57.48035430908203
2017-01-24,81.72402954101562,30.2121639251709,44.91691589355469,115.2699966430664,195.5150146484375,57.494075775146484
2017-01-25,81.50499725341797,30.545246124267578,45.38346862792969,114.31999969482422,197.20730590820312,57.11698532104492
2017-01-26,81.5578842163086,30.415258407592773,45.20286178588867,113.26000213623047,197.00112915039062,57.00727462768555
2017-01-27,81.62582397460938,30.43963623046875,45.127620697021484,113.48999786376953,196.69187927246094,56.45195770263672
2017-01-30,81.5881576538086,30.277158737182617,44.804046630859375,113.97000122070312,195.47203063964844,56.068023681640625
2017-01-31,81.784423828125,30.334028244018555,44.87177276611328,115.55000305175781,195.45484924316406,56.47252655029297
2017-02-01,81.66940307617188,30.35026741027832,45.052364349365234,115.19999694824219,195.53216552734375,55.793758392333984
2017-02-02,81.71478271484375,30.48024559020996,45.07494354248047,115.83999633789062,195.66104125976562,56.45882034301758
2017-02-03,81.73754119873047,30.667097091674805,45.255531311035156,116.12999725341797,197.0096893310547,56.767333984375
2017-02-06,81.97207641601562,30.59398651123047,44.931968688964844,117.69999694824219,196.65753173828125,56.67134094238281
2017-02-07,82.05531311035156,30.43963623046875,44.886810302734375,117.45999908447266,196.66607666015625,56.47252655029297
2017-02-08,82.28995513916016,30.626480102539062,44.962066650390625,118.19000244140625,196.9237823486328,56.91815185546875
2017-02-09,82.0932388305664,30.764585494995117,45.15019226074219,117.29000091552734,198.09207153320312,57.0552864074707
2017-02-10,82.0780258178711,31.04891586303711,45.255531311035156,117.5999984741211,198.87376403808594,57.45978546142578
2017-02-13,81.95700073242188,31.146394729614258,45.43614196777344,116.80000305175781,199.95616149902344,57.48035430908203
2017-02-14,81.77538299560547,31.17888832092285,45.36841583251953,116.93000030517578,200.75503540039062,57.17869186401367
2017-02-15,81.64671325683594,31.43073272705078,45.54149627685547,117.44999694824219,201.80307006835938,56.986732482910156
2017-02-16,81.82080078125,31.316991806030273,45.646846771240234,118.08000183105469,201.6312713623047,57.322662353515625
2017-02-17,82.00235748291016,31.18702507019043,45.52644348144531,117.68000030517578,201.9490966796875,57.432369232177734
2017-02-21,81.99484252929688,31.528209686279297,45.676937103271484,117.75,203.15174865722656,58.16594696044922
2017-02-22,82.04780578613281,31.625701904296875,45.676937103271484,117.91000366210938,202.97134399414062,57.973976135253906
2017-02-23,82.18399810791016,31.633817672729492,45.77477264404297,118.94000244140625,203.10882568359375,58.27564239501953
2017-02-24,82.48674774169922,31.260128021240234,45.44367218017578,119.69999694824219,203.36654663085938,58.54988479614258
2017-02-27,82.3353500366211,31.162647247314453,45.4737663269043,119.12000274658203,203.68435668945312,58.85841369628906
2017-02-28,82.31263732910156,30.86206817626953,45.40604019165039,119.2300033569336,203.134521484375,58.453895568847656
2017-03-01,81.92595672607422,31.341373443603516,45.880126953125,119.05999755859375,205.97799682617188,58.27564239501953
2017-03-02,81.7742691040039,30.78895378112793,45.57912063598633,117.58000183105469,204.6808319091797,57.96027374267578
2017-03-03,81.8349380493164,31.0245361328125,45.85002517700195,117.51000213623047,204.8096466064453,57.73404312133789
2017-03-06,81.79705047607422,31.04078483581543,45.70705032348633,116.72000122070312,204.19979858398438,57.4734992980957
2017-03-07,81.69087219238281,31.07328224182129,45.549015045166016,115.77999877929688,203.58985900878906,57.199275970458984
2017-03-08,81.49369049072266,30.780834197998047,45.38346862792969,115.05999755859375,203.21188354492188,56.143436431884766
2017-03-09,81.24346160888672,30.537118911743164,45.556541442871094,114.47000122070312,203.4695587158203,55.300174713134766
2017-03-10,81.3647689819336,30.878314971923828,45.94032287597656,114.72000122070312,204.18252563476562,55.1287727355957
2017-03-13,81.22830963134766,31.308868408203125,46.181121826171875,114.73999786376953,204.2856903076172,55.26588439941406
2017-03-14,81.25862884521484,31.130146026611328,45.82744598388672,114.12000274658203,203.5039520263672,55.25216293334961
2017-03-15,81.72881317138672,31.942522048950195,46.482120513916016,116.25,205.26499938964844,56.36967849731445
2017-03-16,81.63775634765625,32.13749694824219,46.7078742980957,116.7300033569336,204.86119079589844,56.25997543334961
2017-03-17,81.81218719482422,32.080631256103516,46.82827377319336,116.98999786376953,204.5014190673828,56.52051544189453
2017-03-20,81.93351745605469,32.45432662963867,46.730445861816406,117.51000213623047,204.27708435058594,56.47252655029297
2017-03-21,82.10034942626953,32.09687805175781,46.519737243652344,118.54000091552734,201.65432739257812,56.22572326660156
2017-03-22,82.21405792236328,32.251220703125,46.52727127075195,118.83000183105469,202.1288299560547,56.194618225097656
2017-03-23,82.23683166503906,32.25934982299805,46.63261795043945,118.66999816894531,201.9131622314453,56.609004974365234
2017-03-24,82.1685791015625,32.34058380126953,46.760555267333984,118.86000061035156,201.7664794921875,56.546836853027344
2017-03-27,82.36569213867188,32.251220703125,46.880943298339844,119.52999877929688,201.5594024658203,56.03580093383789
2017-03-28,82.17616271972656,32.34058380126953,47.1067008972168,119.04000091552734,203.026123046875,56.27750015258789
2017-03-29,82.35810089111328,32.39745330810547,47.1067008972168,119.33000183105469,203.21591186523438,56.59519577026367
2017-03-30,82.20648956298828,32.22685623168945,46.94114685058594,118.47000122070312,203.86302185058594,56.698768615722656
2017-03-31,82.26714324951172,31.999393463134766,46.8734245300293,118.72000122070312,203.38851928710938,57.03718566894531
2017-04-03,82.57263946533203,32.17811584472656,46.805702209472656,119.3499984741211,203.03472900390625,57.20293045043945
2017-04-04,82.4966049194336,32.19436264038086,46.79064178466797,119.62000274658203,203.16416931152344,57.20293045043945
2017-04-05,82.58781433105469,32.09687805175781,46.542320251464844,119.62000274658203,202.56021118164062,57.285797119140625
2017-04-06,82.58021545410156,32.04000473022461,46.54985046386719,119.18000030517578,203.12965393066406,57.58966064453125
2017-04-07,82.39785766601562,31.98314666748047,46.519737243652344,119.45999908447266,202.922607421875,57.67253875732422
2017-04-10,82.50419616699219,31.853160858154297,46.46706771850586,119.45999908447266,203.04330444335938,58.03166198730469
2017-04-11,82.7397689819336,31.780048370361328,46.68529510498047,121.19000244140625,202.8017578125,58.43220520019531
2017-04-12,82.92212677001953,31.934406280517578,46.647674560546875,122.0199966430664,201.9131622314453,58.3286247253418
2017-04-13,83.02851104736328,31.796297073364258,46.34666442871094,122.5999984741211,200.60177612304688,58.1973991394043
2017-04-17,82.98297882080078,32.12936782836914,46.63261795043945,122.23999786376953,202.37904357910156,58.90182876586914
2017-04-18,83.31727600097656,31.723173141479492,46.42192077636719,122.81999969482422,201.7750701904297,59.0606689453125
2017-04-19,83.18809509277344,31.528209686279297,46.233802795410156,121.7300033569336,201.40415954589844,58.97779846191406
2017-04-20,83.05896759033203,31.918155670166016,46.6025276184082,121.95999908447266,203.04330444335938,58.98468780517578
2017-04-21,83.08170318603516,31.918155670166016,46.63261795043945,122.30999755859375,202.39627075195312,58.77058792114258
2017-04-24,82.96014404296875,32.37307357788086,47.81405258178711,121.4800033569336,204.62225341796875,58.12144088745117
2017-04-25,82.6866226196289,32.65742111206055,48.15268325805664,120.25,205.8128662109375,58.363155364990234
2017-04-26,82.7929916381836,32.53554916381836,48.017234802246094,120.83999633789062,205.6833953857422,57.92805480957031
2017-04-27,82.86898040771484,32.49494934082031,48.062374114990234,120.38999938964844,205.85601806640625,57.77610778808594
2017-04-28,83.01335144042969,32.54368209838867,48.00969696044922,120.7699966430664,205.4073486328125,57.175296783447266
2017-05-01,82.79934692382812,32.730525970458984,48.20534896850586,119.66999816894531,205.92501831054688,57.51369857788086
2017-05-02,82.91358947753906,32.96611404418945,48.45367431640625,119.6500015258789,206.00265502929688,57.41699981689453
2017-05-03,82.82979583740234,32.74677658081055,48.355857849121094,117.9800033569336,205.75244140625,56.65044021606445
2017-05-04,82.76129913330078,32.381202697753906,48.814876556396484,116.79000091552734,205.99403381347656,56.37418746948242
2017-05-05,82.77649688720703,32.6492919921875,49.3566780090332,117.01000213623047,206.80503845214844,56.90596389770508
2017-05-08,82.61654663085938,32.64116668701172,48.98794937133789,116.75,206.7705078125,56.50542068481445
2017-05-09,82.62419891357422,33.05547332763672,48.867557525634766,116.05000305175781,206.58070373535156,56.20151901245117
2017-05-10,82.64701843261719,33.274818420410156,48.94280242919922,116.04000091552734,206.95164489746094,56.64352798461914
2017-05-11,82.63947296142578,33.347930908203125,48.822410583496094,116.5,206.5289764404297,56.36037826538086
2017-05-12,82.94402313232422,33.48603439331055,49.09330749511719,116.83000183105469,206.18386840820312,56.13248825073242
2017-05-15,82.91358947753906,33.82722854614258,49.34162902832031,117.13999938964844,207.3227081298828,56.298221588134766
2017-05-16,83.02020263671875,33.85972595214844,49.65768051147461,117.6500015258789,207.1328582763672,55.91840744018555
2017-05-17,83.44664001464844,33.282936096191406,49.09330749511719,119.79000091552734,203.45748901367188,56.14628982543945
2017-05-18,83.40095520019531,32.730525970458984,49.176082611083984,118.80999755859375,204.27708435058594,56.45707321166992
2017-05-19,83.40095520019531,33.42917251586914,49.747989654541016,119.4000015258789,205.60580444335938,56.760929107666016
2017-05-22,83.34762573242188,33.4616584777832,49.80819320678711,119.9000015258789,206.6497802734375,56.98192596435547
2017-05-23,83.18769073486328,33.4941520690918,49.81570053100586,119.13999938964844,207.10699462890625,57.0302848815918
2017-05-24,83.33240509033203,33.62413787841797,49.8458137512207,119.61000061035156,207.5901641845703,57.492977142333984
2017-05-25,83.3704605102539,33.78661346435547,49.8458137512207,119.4800033569336,208.5823211669922,57.49989318847656
2017-05-26,83.34002685546875,33.90847396850586,49.70283889770508,120.54000091552734,208.53915405273438,57.08549880981445
2017-05-30,83.49996185302734,33.72975158691406,49.65016174316406,120.13999938964844,208.35801696777344,56.72640609741211
2017-05-31,83.58370971679688,33.46978759765625,49.710357666015625,120.62000274658203,208.3062286376953,56.760929107666016
2017-06-01,83.5455551147461,33.75411605834961,50.033931732177734,120.72000122070312,209.9627227783203,57.05787658691406
2017-06-02,83.82026672363281,33.92470932006836,50.58326721191406,121.61000061035156,210.6615753173828,57.644901275634766
2017-06-05,83.69052124023438,33.884098052978516,50.30483627319336,121.7300033569336,210.5062713623047,57.39628982543945
2017-06-06,83.85844421386719,33.90034866333008,50.161865234375,123.0999984741211,209.83335876464844,57.12006759643555
2017-06-07,83.75923919677734,33.85972595214844,50.17691421508789,122.44999694824219,210.22154235839844,57.52061462402344
2017-06-08,83.67530059814453,34.06281280517578,50.08660888671875,121.6500015258789,210.32508850097656,57.382484436035156
2017-06-09,83.60657501220703,33.802860260009766,49.89849090576172,120.54000091552734,210.00588989257812,57.78303527832031
2017-06-12,83.60657501220703,33.62413787841797,49.710357666015625,120.36000061035156,209.9627227783203,58.30096435546875
2017-06-13,83.62950134277344,33.78661346435547,50.09413146972656,120.4800033569336,210.98944091796875,58.43220520019531
2017-06-14,83.89661407470703,33.77848815917969,50.056514739990234,119.81999969482422,210.7220458984375,58.515079498291016
2017-06-15,83.8431625366211,33.42917251586914,49.53728485107422,119.31999969482422,210.3164825439453,58.812049865722656
2017-06-16,83.89661407470703,33.48603439331055,49.95869827270508,119.33999633789062,210.3624267578125,58.660099029541016
2017-06-19,83.78214263916016,33.81911849975586,50.161865234375,118.43000030517578,212.11376953125,58.66700744628906
2017-06-20,83.91184997558594,33.445316314697266,49.758113861083984,118.18000030517578,210.68319702148438,58.52887725830078
2017-06-21,83.92711639404297,33.51876449584961,49.69693374633789,118.5199966430664,210.6312255859375,58.4114875793457
2017-06-22,83.96527862548828,33.69015121459961,49.689292907714844,118.91999816894531,210.53578186035156,58.466758728027344
2017-06-23,83.98050689697266,33.86970901489258,49.81163787841797,119.43000030517578,210.78724670410156,58.669612884521484
2017-06-26,84.05683135986328,34.196170806884766,49.895755767822266,118.36000061035156,210.92601013183594,59.08793258666992
2017-06-27,83.80502319335938,33.7962532043457,49.88810348510742,118.80999755859375,209.2266845703125,58.558067321777344
2017-06-28,83.83550262451172,34.05742263793945,50.323970794677734,118.9000015258789,211.09934997558594,58.697513580322266
2017-06-29,83.67530059814453,33.6248664855957,49.82693099975586,118.31999969482422,209.24404907226562,58.0281867980957
2017-06-30,83.56842041015625,33.779930114746094,49.85750961303711,118.0199966430664,209.6342010498047,58.0281867980957
2017-07-03,83.41932678222656,33.9758186340332,49.796348571777344,116.08999633789062,209.9896240234375,58.76722717285156
2017-07-05,83.46524047851562,33.910518646240234,49.796348571777344,116.5199966430664,210.4751434326172,57.937557220458984
2017-07-06,83.30467224121094,33.502445220947266,49.5745849609375,116.47000122070312,208.550537109375,56.84992599487305
2017-07-07,83.27406311035156,33.56773376464844,49.582237243652344,115.27999877929688,209.9029083251953,57.17062759399414
2017-07-10,83.3122329711914,33.88603210449219,49.7045783996582,115.47000122070312,210.12835693359375,56.6477165222168
2017-07-11,83.38873291015625,34.163516998291016,49.81928634643555,115.62000274658203,209.9723358154297,56.584991455078125
2017-07-12,83.64108276367188,34.824588775634766,50.2169189453125,116.02999877929688,211.5501708984375,57.28218078613281
2017-07-13,83.54931640625,34.995975494384766,50.362213134765625,115.81999969482422,211.9056854248047,57.37282180786133
2017-07-14,83.6334457397461,35.43669509887695,50.713966369628906,116.7699966430664,212.8939666748047,57.92361831665039
2017-07-17,83.6717300415039,35.27346420288086,50.61456298828125,117.29000091552734,212.86793518066406,58.3907356262207
2017-07-18,83.86282348632812,35.37956619262695,50.66043472290039,118.11000061035156,212.98065185546875,58.26523971557617
2017-07-19,83.88579559326172,35.67337417602539,50.8821907043457,118.08000183105469,214.1337432861328,58.7044677734375
2017-07-20,83.9087142944336,35.6325569152832,51.08865737915039,118.23999786376953,214.22914123535156,58.43256378173828
2017-07-21,84.05397033691406,35.60807800292969,50.88983917236328,119.26000213623047,214.03842163085938,58.3907356262207
2017-07-24,83.9775619506836,35.714176177978516,50.752201080322266,119.30999755859375,213.9864044189453,58.27919006347656
2017-07-25,83.6793212890625,35.624412536621094,50.821014404296875,118.91999816894531,214.50660705566406,58.35588455200195
2017-07-26,83.83987426757812,35.918212890625,51.134544372558594,119.87999725341797,214.5152130126953,58.76025390625
2017-07-27,83.71759033203125,35.72233581542969,51.019840240478516,119.79000091552734,214.3158721923828,58.82998275756836
2017-07-28,83.88579559326172,35.70602035522461,51.073360443115234,120.69000244140625,214.06443786621094,58.669612884521484
2017-07-31,83.84757995605469,35.746822357177734,51.180419921875,120.75,213.94305419921875,58.746307373046875
2017-08-01,84.07743835449219,35.85292053222656,51.463356018066406,120.6500015258789,214.41995239257812,59.011260986328125
2017-08-02,84.01614379882812,35.88557052612305,51.486305236816406,120.4000015258789,214.52395629882812,58.47439956665039
2017-08-03,84.18470001220703,35.7386589050293,51.51689529418945,120.58999633789062,214.10777282714844,58.35588455200195
2017-08-04,84.04679107666016,35.86924362182617,51.5857048034668,119.6500015258789,214.49789428710938,58.551090240478516
2017-08-07,84.03909301757812,36.11408233642578,51.60865020751953,119.51000213623047,214.89671325683594,58.488346099853516
2017-08-08,83.96248626708984,36.122249603271484,51.33335876464844,119.86000061035156,214.36782836914062,58.20945739746094
2017-08-09,84.03909301757812,35.79579162597656,51.24924087524414,121.30999755859375,214.35923767089844,58.01425552368164
2017-08-10,84.1234130859375,34.94700622558594,50.522789001464844,122.20999908447266,211.33346557617188,57.595916748046875
2017-08-11,84.19239807128906,35.028621673583984,50.4310302734375,122.79000091552734,211.64552307128906,57.24034881591797
2017-08-14,84.154052734375,35.38771438598633,50.79806900024414,121.91999816894531,213.74366760253906,58.19551086425781
2017-08-15,84.03146362304688,35.42852783203125,50.75984573364258,120.9800033569336,213.71762084960938,58.021209716796875
2017-08-16,84.18470001220703,35.79579162597656,51.05043029785156,121.87000274658203,214.09043884277344,58.25130081176758
2017-08-17,84.30733489990234,35.338748931884766,50.476905822753906,122.48999786376953,210.75257873535156,57.88874053955078
2017-08-18,84.25366973876953,35.64072036743164,50.61456298828125,122.30000305175781,210.4231414794922,57.30309295654297
2017-08-21,84.31498718261719,35.77131271362305,50.59926986694336,122.76000213623047,210.58786010742188,57.91661834716797
2017-08-22,84.23834991455078,36.17121887207031,50.84395980834961,122.20999908447266,212.7899932861328,57.74932098388672
2017-08-23,84.42992401123047,36.34260177612305,50.85160827636719,122.66999816894531,212.0270233154297,58.3419303894043
2017-08-24,84.32263946533203,36.45685958862305,50.73691177368164,122.29000091552734,211.53286743164062,58.16065979003906
2017-08-25,84.38394165039062,36.6690673828125,51.042781829833984,122.73999786376953,212.0270233154297,58.43954849243164
2017-08-28,84.41462707519531,36.53847885131836,51.042781829833984,124.69000244140625,212.03565979003906,57.99333190917969
2017-08-29,84.53719329833984,36.47318649291992,50.836307525634766,124.41999816894531,212.27847290039062,57.93059158325195
2017-08-30,84.5218734741211,36.530311584472656,50.76750564575195,124.36000061035156,213.28414916992188,58.25825881958008
2017-08-31,84.6368408203125,36.58744430541992,51.15748596191406,125.81999969482422,214.56723022460938,58.59292221069336
2017-09-01,84.44486999511719,36.85676574707031,51.22629928588867,126.05999755859375,214.8706817626953,58.79510498046875
2017-09-05,84.79042053222656,36.3752555847168,50.8821907043457,127.45999908447266,213.32749938964844,58.634761810302734
2017-09-06,84.69825744628906,36.61192321777344,51.195716857910156,126.80999755859375,214.05572509765625,58.788124084472656
2017-09-07,84.90560150146484,36.881256103515625,51.61629867553711,128.1300048828125,214.02980041503906,59.16461944580078
2017-09-08,84.80579376220703,36.636409759521484,51.62394714355469,127.97000122070312,213.7783203125,59.21344757080078
2017-09-11,84.5754165649414,37.12609100341797,52.02922439575195,126.19000244140625,216.05845642089844,59.75724792480469
2017-09-12,84.45254516601562,37.085296630859375,52.1898078918457,126.55999755859375,216.7867431640625,59.053096771240234
2017-09-13,84.36808776855469,36.88942337036133,51.90686798095703,125.61000061035156,216.8907470703125,58.89970397949219
2017-09-14,84.41412353515625,36.98735046386719,51.99863052368164,126.16000366210938,216.8214111328125,59.38772964477539
2017-09-15,84.39881896972656,37.20771026611328,52.04451370239258,125.52999877929688,217.11326599121094,59.49930191040039
2017-09-18,84.3603744506836,37.33828353881836,52.113346099853516,124.36000061035156,217.57505798339844,59.178565979003906
2017-09-19,84.31427764892578,37.41990280151367,52.35803985595703,124.62000274658203,217.79281616210938,58.788124084472656
2017-09-20,84.24520111083984,37.24851608276367,52.24333572387695,123.62000274658203,217.87127685546875,58.62778091430664
2017-09-21,84.2298812866211,37.24851608276367,52.13628387451172,122.68000030517578,217.28750610351562,58.5162239074707
2017-09-22,84.29127502441406,37.03631591796875,52.2968635559082,123.23999786376953,217.33111572265625,58.10347366333008
2017-09-25,84.4909439086914,36.40789031982422,51.99863052368164,124.52999877929688,216.88673400878906,58.44158172607422
2017-09-26,84.460205078125,36.309959411621094,51.883934020996094,123.13999938964844,217.01744079589844,58.540164947509766
2017-09-27,84.2144546508789,36.179378509521484,51.92216110229492,121.9800033569336,217.86264038085938,58.011905670166016
2017-09-28,84.22218322753906,36.15488815307617,52.059814453125,122.20999908447266,218.12393188476562,58.406333923339844
2017-09-29,84.153076171875,36.57112503051758,52.365692138671875,121.58000183105469,218.89068603515625,58.526100158691406
2017-10-02,84.20466613769531,36.579288482666016,52.319793701171875,120.7699966430664,219.84036254882812,58.44158172607422
2017-10-03,84.2739028930664,37.15874099731445,52.49568176269531,120.83000183105469,220.3109130859375,58.35704040527344
2017-10-04,84.25079345703125,37.15058517456055,52.396278381347656,121.16999816894531,220.57225036621094,58.65288543701172
2017-10-05,84.21234893798828,37.42806625366211,52.365692138671875,120.5199966430664,221.87918090820312,58.86418533325195
2017-10-06,84.08924865722656,37.240352630615234,52.327457427978516,121.08999633789062,221.62644958496094,58.67402267456055
2017-10-09,84.20466613769531,37.21586990356445,52.342742919921875,122.08000183105469,221.2605438232422,58.81488800048828
2017-10-10,84.21234893798828,37.58313751220703,52.83979415893555,122.4000015258789,221.8442840576172,58.990989685058594
2017-10-11,84.22770690917969,37.754520416259766,52.969791412353516,122.79000091552734,222.19281005859375,59.188228607177734
2017-10-12,84.32775115966797,37.738197326660156,52.923912048339844,122.88999938964844,221.86175537109375,59.56855773925781
2017-10-13,84.53547668457031,38.08097839355469,53.19919967651367,123.81999969482422,222.1317901611328,59.723533630371094
2017-10-16,84.45088958740234,38.056495666503906,53.16095733642578,122.97000122070312,222.4280548095703,59.42769241333008
2017-10-17,84.42008209228516,37.860618591308594,53.02330780029297,122.12999725341797,222.58486938476562,59.498138427734375
2017-10-18,84.28926086425781,37.95038986206055,53.17625045776367,121.66999816894531,222.802734375,59.43473815917969
2017-10-19,84.35081481933594,37.61577606201172,53.092140197753906,122.38999938964844,222.8636932373047,59.25862503051758
2017-10-20,84.10459899902344,37.754520416259766,53.02330780029297,121.61000061035156,224.01380920410156,58.920555114746094
2017-10-23,84.19694519042969,37.452545166015625,52.90861892700195,121.80000305175781,223.1425018310547,58.69514465332031
2017-10-24,84.0199203491211,37.452545166015625,52.99272918701172,121.33000183105469,223.5345916748047,58.34297561645508
2017-10-25,83.96614074707031,37.37093734741211,52.7862663269043,121.3499984741211,222.4280548095703,58.17392349243164
2017-10-26,83.873779296875,37.1179313659668,52.778621673583984,120.33000183105469,222.71560668945312,57.69492721557617
2017-10-27,84.05841827392578,37.65658187866211,52.90096664428711,120.9000015258789,224.5365753173828,57.955562591552734
2017-10-30,84.28926086425781,37.41990280151367,53.02330780029297,121.12999725341797,223.70010375976562,57.9062385559082
2017-10-31,84.2353744506836,37.77084732055664,53.24507522583008,120.66999816894531,224.0486297607422,57.89918899536133
2017-11-01,84.27243041992188,37.96672821044922,53.29859924316406,121.11000061035156,224.3448486328125,58.18096160888672
2017-11-02,84.31867218017578,38.015689849853516,53.459190368652344,121.19000244140625,224.43203735351562,58.67402267456055
2017-11-03,84.39576721191406,37.81980895996094,53.37507247924805,120.62000274658203,225.18133544921875,58.526100158691406
2017-11-06,84.472900390625,38.24420928955078,53.451534271240234,121.6500015258789,225.52984619140625,58.920555114746094
2017-11-07,84.49602508544922,37.99936294555664,53.252716064453125,121.20999908447266,225.3729705810547,59.39950942993164
2017-11-08,84.44202423095703,38.17891311645508,53.42859649658203,121.62999725341797,225.75634765625,59.69535446166992
2017-11-09,84.38040161132812,37.94223403930664,53.12273025512695,122.12999725341797,224.93736267089844,59.75873565673828
2017-11-10,84.04113006591797,37.77900314331055,52.97743225097656,121.12999725341797,224.86769104003906,59.8221435546875
2017-11-13,84.04113006591797,37.697391510009766,52.75568771362305,121.30999755859375,225.0767059326172,60.12501907348633
2017-11-14,84.12593078613281,37.444393157958984,52.71745681762695,121.55999755859375,224.55398559570312,59.998226165771484
2017-11-15,84.2878646850586,37.24851608276367,52.46510696411133,121.41000366210938,223.42999267578125,59.3924560546875
2017-11-16,84.19527435302734,38.02385711669922,52.88568115234375,121.4000015258789,225.3293914794922,59.885536193847656
2017-11-17,84.2878646850586,38.21156311035156,52.69450759887695,122.86000061035156,224.66720581054688,59.624908447265625
2017-11-20,84.2415771484375,38.407432556152344,52.8092041015625,121.30999755859375,225.05059814453125,59.44882583618164
2017-11-21,84.32637786865234,38.921592712402344,53.20684814453125,121.51000213623047,226.52308654785156,59.892574310302734
2017-11-22,84.472900390625,39.01953125,53.35213851928711,122.62999725341797,226.32273864746094,59.75873565673828
2017-11-24,84.45746612548828,38.93791198730469,53.78800582885742,122.31999969482422,226.8454132080078,59.83622741699219
2017-11-27,84.45746612548828,38.366615295410156,53.46683883666992,122.83000183105469,226.732177734375,59.55447006225586
2017-11-28,84.45746612548828,38.65226745605469,53.772708892822266,122.80999755859375,229.03233337402344,59.32908248901367
2017-11-29,84.24929809570312,38.04016876220703,53.558597564697266,122.04000091552734,228.89295959472656,59.3502082824707
2017-11-30,84.11045837402344,37.623931884765625,53.61212158203125,121.0999984741211,230.89682006835938,59.441776275634766
2017-12-01,84.3508071899414,37.4117431640625,53.39802169799805,121.58999633789062,230.41766357421875,59.582645416259766
2017-12-04,84.34310150146484,37.48520278930664,53.20684814453125,121.18000030517578,230.13885498046875,59.28679656982422
2017-12-05,84.42808532714844,37.46070861816406,53.092140197753906,120.31999969482422,229.31114196777344,58.79374313354492
2017-12-06,84.5130844116211,36.9547004699707,52.98508071899414,120.06999969482422,229.35472106933594,58.73741912841797
2017-12-07,84.40489959716797,37.0608024597168,53.12273025512695,118.48999786376953,230.07785034179688,58.885318756103516
2017-12-08,84.37397003173828,37.49335861206055,53.40565490722656,118.4800033569336,231.33250427246094,59.188228607177734
2017-12-11,84.34310150146484,37.68107604980469,53.54329299926758,118.01000213623047,232.029541015625,59.181175231933594
2017-12-12,84.3044662475586,37.42806625366211,53.61212158203125,118.1500015258789,232.43907165527344,59.469947814941406
2017-12-13,84.54400634765625,37.8769416809082,53.81858825683594,119.16999816894531,232.41285705566406,59.56855773925781
2017-12-14,84.56719207763672,37.59945297241211,53.520355224609375,118.93000030517578,231.4631805419922,59.55447006225586
2017-12-15,84.59034729003906,37.68107604980469,53.50507736206055,119.18000030517578,233.3907012939453,59.92778396606445
2017-12-18,84.48216247558594,38.105464935302734,54.1397590637207,119.7300033569336,234.87062072753906,60.32223892211914
2017-12-19,84.23490142822266,37.90413284301758,53.94115447998047,119.81999969482422,233.96864318847656,59.040287017822266
2017-12-20,84.04170989990234,37.95383834838867,53.84842300415039,120.13999938964844,233.8461151123047,58.35704040527344
2017-12-21,84.11591339111328,38.202392578125,54.04161071777344,120.30999755859375,234.32763671875,58.13102722167969
2017-12-22,84.15459442138672,38.525508880615234,54.18071746826172,120.94000244140625,234.26638793945312,58.531578063964844
2017-12-26,84.2241439819336,38.49237060546875,54.16525650024414,121.7699966430664,233.98614501953125,58.824851989746094
2017-12-27,84.48696899414062,38.591796875,54.26573181152344,122.2300033569336,234.10000610351562,59.01795959472656
2017-12-28,84.42513275146484,38.856910705566406,54.29664611816406,122.8499984741211,234.5817108154297,59.33269119262695
2017-12-29,84.5101318359375,39.039188385009766,54.335269927978516,123.6500015258789,233.69720458984375,59.35415267944336
2018-01-02,84.38645935058594,39.776554107666016,54.73712921142578,125.1500015258789,235.36981201171875,59.132423400878906
2018-01-03,84.39418029785156,40.15767288208008,54.999881744384766,124.81999969482422,236.85858154296875,58.960750579833984
2018-01-04,84.3400650024414,40.35651779174805,55.602657318115234,125.45999908447266,237.85691833496094,57.945045471191406
2018-01-05,84.28596496582031,40.70448303222656,55.91178512573242,125.33000183105469,239.44200134277344,57.973663330078125
2018-01-08,84.26278686523438,40.70448303222656,55.89632797241211,125.30999755859375,239.8798370361328,58.27406692504883
2018-01-09,84.0309066772461,40.63819885253906,55.9581413269043,124.7300033569336,240.42271423339844,57.523014068603516
2018-01-10,84.0309066772461,40.38136672973633,55.84994888305664,125.02999877929688,240.05499267578125,56.879276275634766
2018-01-11,84.06954193115234,40.62990951538086,56.23636245727539,125.44000244140625,241.806396484375,56.6861457824707
2018-01-12,84.05409240722656,41.01930618286133,56.80048751831055,126.95999908447266,243.38278198242188,56.22835159301758
2018-01-16,84.07723999023438,40.86189651489258,56.74639129638672,127.16999816894531,242.5508270263672,56.335655212402344
2018-01-17,83.98452758789062,41.40042495727539,57.04005432128906,126.13999938964844,244.86270141601562,56.729068756103516
2018-01-18,83.7989730834961,41.450130462646484,56.97051239013672,125.86000061035156,244.45114135742188,55.99947738647461
2018-01-19,83.62120819091797,41.78982162475586,57.287349700927734,126.41999816894531,245.56338500976562,56.299888610839844
2018-01-22,83.59027099609375,42.030094146728516,57.581031799316406,126.6500015258789,247.55999755859375,56.81489181518555
2018-01-23,83.79127502441406,42.22893142700195,57.766483306884766,127.27999877929688,248.08534240722656,57.60171127319336
2018-01-24,83.70624542236328,42.58518600463867,57.86695098876953,128.8300018310547,247.98915100097656,57.30126953125
2018-01-25,83.92266082763672,42.560325622558594,57.64283752441406,127.97000122070312,248.09417724609375,57.201133728027344
2018-01-26,83.76808166503906,43.14856719970703,58.152870178222656,128.07000732421875,250.96656799316406,57.000877380371094
2018-01-29,83.62120819091797,42.49404525756836,57.619651794433594,127.3499984741211,249.3027801513672,56.235511779785156
2018-01-30,83.48981475830078,41.91410446166992,57.14052200317383,126.80000305175781,246.7455596923828,55.82780838012695
2018-01-31,83.55938720703125,42.27864074707031,57.0632438659668,127.6500015258789,246.8681182861328,56.82920455932617
2018-02-01,83.29755401611328,41.70697021484375,57.225528717041016,128.07000732421875,246.58798217773438,55.606075286865234
2018-02-02,83.04960632324219,40.63819885253906,56.06634521484375,126.38999938964844,241.21975708007812,55.13398361206055
2018-02-05,83.38272094726562,39.213172912597656,53.717041015625,126.70999908447266,231.13125610351562,53.49597930908203
2018-02-06,83.14260864257812,40.48906707763672,54.77576446533203,125.37999725341797,235.68511962890625,53.503135681152344
2018-02-07,82.95662689208984,39.213172912597656,54.1961669921875,124.79000091552734,234.4065399169922,53.27425003051758
2018-02-08,82.81720733642578,37.85442352294922,52.78196716308594,124.9800033569336,225.6142578125,51.74354553222656
2018-02-09,82.7087631225586,38.459232330322266,53.006065368652344,124.7699966430664,229.0032501220703,53.038211822509766
2018-02-12,82.73197937011719,39.06404495239258,53.8175048828125,125.37000274658203,232.3660430908203,53.05965805053711
2018-02-13,82.75518035888672,39.362300872802734,53.65521240234375,126.08000183105469,232.94406127929688,53.43161392211914
2018-02-14,82.47630310058594,40.34823226928711,54.60575866699219,128.22999572753906,236.08790588378906,53.04536819458008
2018-02-15,82.5770263671875,41.17673110961914,54.94578170776367,128.3800048828125,239.1004180908203,53.56035614013672
2018-02-16,82.73971557617188,41.04417419433594,55.19307327270508,127.95999908447266,239.1704559326172,53.85361862182617
2018-02-20,82.65452575683594,40.48078536987305,54.6753044128418,126.23999786376953,237.6729736328125,53.2170295715332
2018-02-21,82.39112091064453,40.44764709472656,54.412559509277344,125.66000366210938,236.49073791503906,52.16556167602539
2018-02-22,82.39887237548828,40.47250747680664,54.6984977722168,126.30000305175781,236.79722595214844,52.759254455566406
2018-02-23,82.6080093383789,41.19329833984375,55.131256103515625,126.13999938964844,240.57164001464844,53.60328674316406
2018-02-26,82.67000579833984,41.57440948486328,55.649024963378906,126.44999694824219,243.36514282226562,53.75347137451172
2018-02-27,82.49181365966797,40.36478805541992,54.822147369384766,125.12999725341797,240.32650756835938,52.501731872558594
2018-02-28,82.71649932861328,39.78483963012695,54.30436706542969,125.0,237.89193725585938,52.46597671508789
2018-03-01,82.79024505615234,39.71028518676758,53.39246368408203,124.72000122070312,234.4327850341797,52.516029357910156
2018-03-02,82.65824127197266,39.8759765625,53.647483825683594,125.38999938964844,235.6412353515625,52.49458694458008
2018-03-05,82.61167907714844,39.93397521972656,53.933433532714844,125.18000030517578,238.3647918701172,53.088279724121094
2018-03-06,82.627197265625,40.306800842285156,54.25027084350586,126.52999877929688,238.9690704345703,53.338619232177734
2018-03-07,82.61167907714844,40.34823226928711,54.23480987548828,125.72000122070312,238.8814697265625,53.66765213012695
2018-03-08,82.74368286132812,40.35651779174805,54.350730895996094,125.41999816894531,240.0374298095703,53.767784118652344
2018-03-09,82.58838653564453,41.21815490722656,54.6984977722168,125.54000091552734,244.21469116210938,54.061058044433594
2018-03-12,82.63497924804688,41.31757354736328,54.760318756103516,125.54000091552734,243.9080810546875,54.2971076965332
2018-03-13,82.74368286132812,40.94474792480469,54.397098541259766,125.77999877929688,242.3318634033203,54.347164154052734
2018-03-14,82.88340759277344,41.011024475097656,54.52846908569336,125.69999694824219,241.0883026123047,54.39723587036133
2018-03-15,82.89117431640625,40.86189651489258,54.49755859375,124.9000015258789,240.8256072998047,54.3829345703125
2018-03-16,82.8446044921875,40.7707633972168,54.45892333984375,124.5999984741211,241.0867156982422,54.76202392578125
2018-03-19,82.75917053222656,40.33165740966797,54.018428802490234,124.87000274658203,237.82476806640625,54.289947509765625
2018-03-20,82.627197265625,40.779048919677734,54.01069641113281,124.30999755859375,238.22921752929688,54.103981018066406
2018-03-21,82.61942291259766,41.01930618286133,54.09571075439453,126.4800033569336,237.7720489501953,53.703426361083984
2018-03-22,82.77474975585938,39.65227508544922,53.091068267822266,125.9800033569336,231.82839965820312,53.388694763183594
2018-03-23,82.77474975585938,38.848628997802734,52.503753662109375,127.61000061035156,226.88706970214844,52.437374114990234
2018-03-26,82.74368286132812,40.10795974731445,53.44656753540039,128.27999877929688,233.09446716308594,53.033931732177734
2018-03-27,82.98436737060547,39.378875732421875,53.05242919921875,127.48999786376953,229.12913513183594,53.23614501953125
2018-03-28,83.03092956542969,39.180030822753906,53.36155319213867,125.7300033569336,228.45211791992188,54.57230758666992
2018-03-29,83.2716293334961,40.0002555847168,53.84842300415039,125.79000091552734,231.3712158203125,54.507320404052734
2018-04-02,83.18838500976562,39.279457092285156,53.106536865234375,127.26000213623047,226.3771209716797,53.770606994628906
2018-04-03,83.09498596191406,39.668846130371094,53.44656753540039,126.30000305175781,229.27857971191406,54.225624084472656
2018-04-04,83.1260757446289,39.68541717529297,53.63203048706055,126.44999694824219,231.73165893554688,54.796207427978516
2018-04-05,83.00938415527344,39.78483963012695,53.987518310546875,125.80000305175781,233.560546875,54.77450942993164
2018-04-06,83.1961441040039,39.006038665771484,53.63203048706055,126.38999938964844,228.3553924560547,54.36283874511719
2018-04-09,83.26618957519531,39.047481536865234,54.072532653808594,126.81999969482422,229.48081970214844,54.189517974853516
2018-04-10,83.20389556884766,39.809696197509766,54.652122497558594,127.12000274658203,233.12965393066406,54.131736755371094
2018-04-11,83.27392578125,39.826263427734375,54.4434700012207,128.11000061035156,231.90750122070312,54.2473030090332
2018-04-12,83.08719635009766,39.809696197509766,54.652122497558594,126.62000274658203,233.81549072265625,53.64061737060547
2018-04-13,83.11054992675781,39.412010192871094,54.70622253417969,127.44999694824219,233.12965393066406,53.92228698730469
2018-04-16,83.1260757446289,39.461727142333984,54.791229248046875,127.62999725341797,235.04637145996094,54.254512786865234
2018-04-17,83.14945983886719,39.54458236694336,55.03852462768555,127.75,237.56109619140625,54.89009094238281
2018-04-18,82.91596984863281,39.88425827026367,55.3244514465332,127.8499984741211,237.7368621826172,54.77450942993164
2018-04-19,82.71367645263672,39.65227508544922,55.11579132080078,127.5999984741211,236.41802978515625,53.98006820678711
2018-04-20,82.48799896240234,39.15517807006836,54.90715026855469,126.62999725341797,234.41334533691406,53.481719970703125
2018-04-23,82.44908905029297,38.8403434753418,54.83758544921875,125.62000274658203,234.37815856933594,53.43839645385742
2018-04-24,82.34013366699219,38.65807342529297,54.61348342895508,126.2300033569336,231.2217559814453,53.64061737060547
2018-04-25,82.231201171875,38.359806060791016,54.52075958251953,125.41000366210938,231.793212890625,53.53950500488281
2018-04-26,82.37127685546875,38.9149055480957,54.791229248046875,124.97000122070312,234.14959716796875,54.24006652832031
2018-04-27,82.47240447998047,39.15517807006836,54.845314025878906,125.5,234.369384765625,55.171749114990234
2018-04-30,82.48799896240234,38.87348175048828,54.667579650878906,124.58999633789062,232.56695556640625,54.95508575439453
2018-05-01,82.41778564453125,38.68292999267578,54.47438049316406,123.70999908447266,232.98025512695312,55.453426361083984
2018-05-02,82.41778564453125,38.37637710571289,54.45119857788086,123.6500015258789,231.41522216796875,55.251216888427734
2018-05-03,82.51140594482422,38.293540954589844,54.62120819091797,124.27999877929688,230.9052276611328,55.21509552001953
2018-05-04,82.56597900390625,38.4675178527832,54.81440734863281,124.54000091552734,233.89456176757812,55.82177734375
2018-05-07,82.52701568603516,38.24382400512695,54.822147369384766,124.56999969482422,234.68589782714844,56.197330474853516
2018-05-08,82.4334487915039,38.459232330322266,54.82986068725586,124.58999633789062,234.68589782714844,55.91566467285156
2018-05-09,82.33980560302734,38.53379440307617,54.961238861083984,124.33000183105469,236.95436096191406,56.291229248046875
2018-05-10,82.52701568603516,39.33744812011719,55.31673812866211,125.18000030517578,239.16998291015625,56.73179626464844
2018-05-11,82.56597900390625,39.27116394042969,55.46356964111328,125.0,239.89981079101562,56.53678894042969
2018-05-14,82.48800659179688,39.32088088989258,55.564022064208984,124.48999786376953,240.01400756835938,56.052886962890625
2018-05-15,82.12139892578125,38.508941650390625,55.16216278076172,122.4800033569336,238.361083984375,55.142879486083984
2018-05-16,82.02783203125,39.08889389038086,55.23945236206055,122.29000091552734,239.36338806152344,54.97675323486328
2018-05-17,81.91862487792969,38.49237060546875,55.3244514465332,122.36000061035156,239.1612091064453,54.70228576660156
2018-05-18,82.12922668457031,38.16925048828125,55.123538970947266,122.41000366210938,238.56332397460938,54.77450942993164
2018-05-21,82.13702392578125,38.40123748779297,55.471290588378906,122.4800033569336,240.35693359375,55.424537658691406
2018-05-22,82.13702392578125,38.53379440307617,55.401737213134766,122.41000366210938,239.68875122070312,55.50397491455078
2018-05-23,82.36320495605469,38.51723098754883,54.791229248046875,122.54000091552734,240.34820556640625,56.06011962890625
2018-05-24,82.58941650390625,38.31010437011719,54.62120819091797,123.58999633789062,239.85572814941406,55.94453430175781
2018-05-25,82.768798828125,38.4675178527832,54.26573181152344,123.20999908447266,239.2843475341797,56.139564514160156
2018-05-29,83.31475067138672,37.57272720336914,53.16061782836914,123.19000244140625,236.53236389160156,56.40678405761719
2018-05-30,83.10418701171875,37.87099075317383,53.97206115722656,123.37000274658203,239.68875122070312,57.17234802246094
2018-05-31,83.03394317626953,37.85442352294922,53.63203048706055,123.0999984741211,238.22042846679688,56.977359771728516
2018-06-01,82.9315414428711,38.384666442871094,54.09571075439453,122.48999786376953,240.5592498779297,57.230133056640625
2018-06-04,82.7361068725586,38.7740592956543,54.257991790771484,122.37000274658203,241.70220947265625,57.72848129272461
2018-06-05,82.79862213134766,38.475807189941406,54.17298889160156,122.8499984741211,241.87811279296875,57.576812744140625
2018-06-06,82.61101531982422,39.055755615234375,54.659847259521484,122.91999816894531,243.9003448486328,57.71403503417969
2018-06-07,82.79082489013672,38.459232330322266,54.350730895996094,122.86000061035156,243.87400817871094,57.71403503417969
2018-06-08,82.67359161376953,38.384666442871094,54.412559509277344,123.01000213623047,244.5948486328125,57.9234733581543
2018-06-11,82.58753204345703,38.384666442871094,54.760318756103516,123.2300033569336,244.9202880859375,57.83681869506836
2018-06-12,82.61101531982422,38.28523635864258,54.412559509277344,122.81999969482422,245.23680114746094,58.183467864990234
2018-06-13,82.53287506103516,38.02840042114258,54.48985290527344,123.19000244140625,244.4542694091797,57.049564361572266
2018-06-14,82.74390411376953,37.771575927734375,54.37392044067383,123.37999725341797,245.06979370117188,57.59123992919922
2018-06-15,82.77520751953125,37.47331237792969,54.09571075439453,121.33999633789062,244.75697326660156,57.55514907836914
2018-06-18,82.79082489013672,37.01763153076172,53.709312438964844,121.11000061035156,244.253662109375,57.5711784362793
2018-06-19,82.87679290771484,36.609012603759766,53.21593475341797,120.80000305175781,243.31748962402344,57.51286697387695
2018-06-20,82.7204818725586,36.76744842529297,53.255332946777344,120.26000213623047,243.7325897216797,58.15431594848633
2018-06-21,82.74390411376953,36.25041961669922,52.87702560424805,120.05000305175781,242.20465087890625,58.43131637573242
2018-06-22,82.82209777832031,36.62569046020508,53.436622619628906,120.33999633789062,242.64625549316406,58.89055633544922
2018-06-25,82.77520751953125,36.13368225097656,52.69575119018555,119.88999938964844,239.34315490722656,58.73746871948242
2018-06-26,82.9080810546875,35.991912841796875,52.79032897949219,119.26000213623047,239.87307739257812,58.9269905090332
2018-06-27,83.05662536621094,35.29976272583008,52.29379653930664,118.58000183105469,237.88584899902344,58.70103073120117
2018-06-28,83.04881286621094,35.5999641418457,52.49082565307617,118.22000122070312,239.2459716796875,59.22587203979492
2018-06-29,83.11919403076172,36.13368225097656,52.78244400024414,118.6500015258789,239.5904083251953,59.37163162231445
2018-07-02,83.0400161743164,35.77509307861328,52.301673889160156,117.45999908447266,240.10267639160156,59.04362869262695
2018-07-03,83.21238708496094,35.800113677978516,52.45930099487305,118.6500015258789,239.25479125976562,59.488285064697266
2018-07-05,83.29073333740234,35.708377838134766,52.979488372802734,119.05000305175781,241.20663452148438,60.19534683227539
2018-07-06,83.3769760131836,36.20039367675781,53.263214111328125,118.86000061035156,243.24676513671875,60.51606750488281
2018-07-09,83.2986068725586,36.85084915161133,53.7755241394043,119.1500015258789,245.4370574951172,60.03498077392578
2018-07-10,83.23591613769531,36.76744842529297,53.751869201660156,118.93000030517578,246.3203582763672,60.158897399902344
2018-07-11,83.26726531982422,36.05028533935547,52.85337448120117,117.63999938964844,244.51853942871094,59.96208572387695
2018-07-12,83.36907196044922,36.54230499267578,53.263214111328125,118.12999725341797,246.73550415039062,60.14430236816406
2018-07-13,83.44744110107422,36.567317962646484,53.42873001098633,117.61000061035156,246.92962646484375,59.96208572387695
2018-07-16,83.3534164428711,36.36717987060547,53.405086517333984,117.55000305175781,246.70892333984375,59.641357421875
2018-07-17,83.32207489013672,36.63402557373047,53.49967575073242,116.27999877929688,247.7069091796875,59.24773406982422
2018-07-18,83.2986068725586,36.59233474731445,53.507545471191406,116.30999755859375,248.22796630859375,58.985321044921875
2018-07-19,83.42394256591797,36.14201354980469,53.3972053527832,115.80999755859375,247.2917022705078,59.677799224853516
2018-07-20,83.25939178466797,36.659053802490234,53.6494026184082,116.55999755859375,247.00921630859375,59.101951599121094
2018-07-23,82.9695053100586,36.41720962524414,53.6494026184082,116.0,247.46841430664062,58.978031158447266
2018-07-24,83.0870361328125,36.950923919677734,53.96467971801758,116.04000091552734,248.71368408203125,58.679168701171875
2018-07-25,83.09490966796875,37.55134582519531,54.36663818359375,116.68000030517578,250.83338928222656,59.14566421508789
2018-07-26,83.04788970947266,37.134376525878906,54.1223030090332,115.7699966430664,250.2416229248047,59.34249496459961
2018-07-27,83.11054992675781,37.267799377441406,54.22476577758789,115.83000183105469,248.54580688476562,58.70832061767578
2018-07-30,83.02436828613281,37.209442138671875,54.21686553955078,115.6500015258789,247.24766540527344,58.74475860595703
2018-07-31,83.09490966796875,37.40957260131836,54.28780746459961,115.98999786376953,248.46636962890625,59.72883987426758
2018-08-01,83.00929260253906,37.07600784301758,54.011959075927734,115.13999938964844,248.05125427246094,60.151580810546875
2018-08-02,83.0406723022461,36.583988189697266,53.65730667114258,114.5199966430664,249.4026641845703,59.91106033325195
2018-08-03,83.22132110595703,36.86751937866211,53.6888313293457,114.91999816894531,250.4712371826172,60.559818267822266
2018-08-06,83.27631378173828,36.583988189697266,53.46025466918945,114.33000183105469,251.38983154296875,60.47963333129883
2018-08-07,83.1270980834961,36.95926284790039,53.877967834472656,114.58999633789062,252.21995544433594,60.37028121948242
2018-08-08,83.1270980834961,36.90922164916992,53.83069610595703,114.91000366210938,252.11395263671875,60.02039337158203
2018-08-09,83.244873046875,36.80081558227539,53.67304992675781,114.73999786376953,251.7696990966797,60.04955291748047
2018-08-10,83.42549896240234,36.016929626464844,52.601173400878906,114.69000244140625,250.0826416015625,59.59033203125
2018-08-13,83.47266387939453,35.42485046386719,52.41201400756836,112.95999908447266,249.14646911621094,59.47368621826172
2018-08-14,83.39410400390625,35.641666412353516,52.40412902832031,113.06999969482422,250.73623657226562,59.76525115966797
2018-08-15,83.5118637084961,34.615943908691406,51.64751052856445,111.19000244140625,248.8639373779297,60.2244873046875
2018-08-16,83.55899047851562,34.832763671875,52.01005172729492,111.0999984741211,250.8775177001953,60.71288299560547
2018-08-17,83.60611724853516,35.1996955871582,52.31744384765625,112.12999725341797,251.76072692871094,61.274169921875
2018-08-20,83.77104949951172,35.35813903808594,52.601173400878906,112.69000244140625,252.29946899414062,61.31791305541992
2018-08-21,83.70040893554688,35.808448791503906,52.92430114746094,113.0199966430664,252.89114379882812,60.94615936279297
2018-08-22,83.77104949951172,36.091983795166016,53.129234313964844,113.2699966430664,252.74098205566406,60.603538513183594
2018-08-23,83.72396087646484,35.50823974609375,52.75092697143555,112.19999694824219,252.40538024902344,60.45046615600586
2018-08-24,83.81814575195312,36.16703414916992,53.05830001831055,114.16000366210938,253.92440795898438,60.807655334472656
2018-08-27,83.708251953125,36.6840705871582,53.76763153076172,114.58999633789062,255.9293670654297,60.588958740234375
2018-08-28,83.55116271972656,36.55064392089844,53.720340728759766,113.68000030517578,256.0530090332031,61.40538787841797
2018-08-29,83.53549194335938,36.775787353515625,54.011959075927734,114.19999694824219,257.4307556152344,61.419952392578125
2018-08-30,83.57476806640625,35.81679153442383,53.49967575073242,113.63999938964844,256.3885498046875,61.02632141113281
2018-08-31,83.56686401367188,36.00025177001953,53.07406234741211,113.51000213623047,256.3973693847656,61.266868591308594
2018-09-04,83.47396850585938,35.29976272583008,52.624813079833984,112.93000030517578,255.9558563232422,60.5379524230957
2018-09-05,83.43460845947266,34.791072845458984,52.14404296875,113.31999969482422,255.26695251464844,60.8878288269043
2018-09-06,83.57630920410156,34.82442092895508,51.986412048339844,113.54000091552734,254.49859619140625,61.062747955322266
2018-09-07,83.27721405029297,34.64930725097656,51.568695068359375,113.2300033569336,254.0039520263672,60.39944839477539
2018-09-10,83.35592651367188,34.30739212036133,51.88395309448242,113.1500015258789,254.4456787109375,60.66914367675781
2018-09-11,83.21430969238281,34.382442474365234,51.93124771118164,113.22000122070312,255.28465270996094,60.66185760498047
2018-09-12,83.26937866210938,34.55757141113281,52.15192413330078,114.16999816894531,255.34640502929688,60.6910285949707
2018-09-13,83.3244400024414,35.02457046508789,52.53812026977539,113.76000213623047,256.8565979003906,60.98988342285156
2018-09-14,83.16706085205078,34.9912109375,52.616943359375,113.0199966430664,256.90081787109375,60.603538513183594
2018-09-17,83.16706085205078,34.67432403564453,52.66422653198242,113.61000061035156,255.54078674316406,60.80034637451172
2018-09-18,82.98604583740234,35.00788497924805,53.21593475341797,113.44000244140625,256.9273376464844,60.5087776184082
2018-09-19,82.82860565185547,35.491554260253906,53.405086517333984,113.87999725341797,257.201171875,59.801719665527344
2018-09-20,82.93883514404297,35.883506774902344,54.067134857177734,114.2699966430664,259.28546142578125,60.36300277709961
2018-09-21,83.00175476074219,36.05028533935547,54.09076690673828,113.48999786376953,259.0485534667969,60.34111785888672
2018-09-24,82.92304992675781,35.641666412353516,53.84645080566406,113.47000122070312,258.18804931640625,59.25754165649414
2018-09-25,82.88372802734375,35.78342819213867,54.11442947387695,113.6500015258789,257.9484558105469,59.2649040222168
2018-09-26,83.08047485351562,35.85848617553711,54.13806915283203,113.05000305175781,257.1766052246094,58.55535125732422
2018-09-27,83.13555145263672,36.03360366821289,54.02772903442383,112.05000305175781,257.895263671875,58.83622360229492
2018-09-28,83.04898071289062,35.79177474975586,53.58634948730469,112.76000213623047,257.92181396484375,59.63450622558594
2018-10-01,83.02690887451172,35.800113677978516,53.6494026184082,112.56999969482422,258.81793212890625,59.080142974853516
2018-10-02,83.12157440185547,35.349788665771484,53.37355422973633,113.87000274658203,258.66705322265625,58.94710159301758
2018-10-03,82.72711181640625,35.057926177978516,53.27898406982422,113.41999816894531,258.8089904785156,58.318817138671875
2018-10-04,82.49044036865234,34.182315826416016,52.656341552734375,113.4800033569336,256.7862548828125,57.83098602294922
2018-10-05,82.3089828491211,34.05722427368164,52.34109115600586,113.80000305175781,255.34901428222656,57.8014030456543
2018-10-08,82.27738189697266,34.107261657714844,52.08887481689453,112.54000091552734,255.34901428222656,58.63664627075195
2018-10-09,82.39575958251953,33.982173919677734,51.95489501953125,112.5999984741211,254.9763641357422,58.717952728271484
2018-10-10,82.3720932006836,32.9731330871582,50.851478576660156,112.87999725341797,246.903076171875,57.84574890136719
2018-10-11,82.61666107177734,32.63956069946289,50.142127990722656,115.77999877929688,241.46458435058594,56.19005584716797
2018-10-12,82.64031219482422,33.59856414794922,50.32341003417969,115.2300033569336,244.8182373046875,56.04225540161133
2018-10-15,82.5850830078125,33.23998260498047,50.205196380615234,116.0,243.44297790527344,56.419212341308594
2018-10-16,82.6324462890625,34.07390594482422,51.06427764892578,115.80000305175781,248.7660675048828,57.57965850830078
2018-10-17,82.46678924560547,33.656944274902344,50.77265930175781,115.79000091552734,248.81051635742188,57.357906341552734
2018-10-18,82.41153717041016,32.772987365722656,49.95298767089844,115.91999816894531,245.21739196777344,57.247039794921875
2018-10-19,82.34052276611328,33.081539154052734,50.236724853515625,116.01000213623047,245.08421325683594,57.742286682128906
2018-10-22,82.32476806640625,33.44012451171875,50.01604080200195,115.70999908447266,243.9842071533203,56.93660354614258
2018-10-23,82.42732238769531,33.07320022583008,49.54314422607422,116.38999938964844,242.7421417236328,57.18791961669922
2018-10-24,82.64031219482422,32.00578689575195,48.14024353027344,116.66000366210938,235.38743591308594,57.72750473022461
2018-10-25,82.5693359375,32.62287902832031,48.74711227416992,116.4000015258789,239.61041259765625,58.46665573120117
2018-10-26,82.7586669921875,32.24761962890625,48.41609573364258,116.7699966430664,235.3962860107422,57.062255859375
2018-10-29,82.671875,31.68889617919922,48.282108306884766,116.30999755859375,234.092041015625,57.786624908447266
2018-10-30,82.55355072021484,32.30599594116211,48.86533737182617,115.80000305175781,237.56103515625,58.577518463134766
2018-10-31,82.51404571533203,32.6562385559082,49.22788619995117,115.1500015258789,240.09840393066406,57.8901252746582
2018-11-01,82.72258758544922,33.82372283935547,49.85840606689453,116.62999725341797,242.6533966064453,58.163612365722656
2018-11-02,82.47681427001953,34.04054260253906,49.929344177246094,116.6500015258789,241.21624755859375,57.68315505981445
2018-11-05,82.53231811523438,34.13227081298828,49.929344177246094,116.37000274658203,242.54696655273438,58.54057312011719
2018-11-06,82.54023742675781,34.07390594482422,50.13425827026367,116.04000091552734,244.08175659179688,58.83622360229492
2018-11-07,82.61160278320312,34.716026306152344,50.8041877746582,116.02999877929688,249.30735778808594,59.538421630859375
2018-11-08,82.46097564697266,33.81538391113281,50.30765151977539,115.77999877929688,248.85488891601562,59.5827751159668
2018-11-09,82.56404113769531,33.189945220947266,49.976627349853516,114.4800033569336,246.42393493652344,59.57537841796875
2018-11-12,82.69883728027344,32.72294998168945,49.15694808959961,113.66000366210938,241.81942749023438,59.69364547729492
2018-11-13,82.73056030273438,33.098209381103516,49.369754791259766,113.69999694824219,241.36700439453125,59.63450622558594
2018-11-14,82.73848724365234,33.29835510253906,49.40916442871094,114.63999938964844,239.71688842773438,59.48666763305664
2018-11-15,82.84153747558594,34.04054260253906,49.566795349121094,114.7699966430664,242.21864318847656,59.080142974853516
2018-11-16,82.976318359375,34.107261657714844,49.62196731567383,115.62000274658203,242.84866333007812,59.71581268310547
2018-11-19,82.96842956542969,33.64860534667969,49.188480377197266,115.66999816894531,238.74093627929688,59.79710388183594
2018-11-20,82.93666076660156,32.923095703125,48.3372802734375,115.66999816894531,234.32278442382812,59.18361282348633
2018-11-21,82.9921875,33.5318489074707,49.015079498291016,115.86000061035156,235.12120056152344,59.235374450683594
2018-11-23,82.96842956542969,33.139915466308594,48.69194412231445,115.7699966430664,233.55088806152344,59.11709976196289
2018-11-26,82.95252227783203,33.54853057861328,49.4249267578125,115.63999938964844,237.32139587402344,59.22796630859375
2018-11-27,82.976318359375,33.78203201293945,49.23577117919922,114.94999694824219,238.1199493408203,59.47929000854492
2018-11-28,83.13487243652344,34.5909309387207,49.93722152709961,115.37999725341797,243.6027069091797,60.011474609375
2018-11-29,83.17453002929688,34.29071807861328,49.68501281738281,115.73999786376953,243.07044982910156,60.026248931884766
2018-11-30,83.15069580078125,34.25736999511719,49.47221374511719,115.54000091552734,244.5519561767578,60.59539794921875
2018-12-03,83.28665161132812,34.94951248168945,50.126380920410156,116.41000366210938,247.79014587402344,60.92061996459961
2018-12-04,83.50914764404297,34.20732879638672,48.825927734375,117.12000274658203,239.7611846923828,60.01885223388672
2018-12-06,83.71575927734375,33.89043426513672,48.368804931640625,117.13999938964844,239.39744567871094,61.50454330444336
2018-12-07,83.8270263671875,33.256656646728516,47.880149841308594,118.08999633789062,233.8347930908203,60.698883056640625
2018-12-10,83.8826904296875,32.90641784667969,47.509708404541016,117.68000030517578,234.2784423828125,60.30712127685547
2018-12-11,83.9065170288086,33.15658187866211,47.65946578979492,117.54000091552734,234.33164978027344,60.336708068847656
2018-12-12,83.84291076660156,33.698638916015625,48.360923767089844,117.79000091552734,235.5115966796875,59.40536880493164
2018-12-13,83.86681365966797,33.690303802490234,48.27421951293945,117.52999877929688,235.43177795410156,59.748680114746094
2018-12-14,83.890625,33.214969635009766,47.65157699584961,117.05999755859375,231.0845184326172,59.57665252685547
2018-12-17,84.03368377685547,32.90641784667969,47.27326583862305,117.87000274658203,226.55105590820312,57.33271789550781
2018-12-18,84.28050994873047,33.1298713684082,47.31151580810547,118.1500015258789,226.3026580810547,57.92361831665039
2018-12-19,84.36015319824219,32.57969284057617,46.85743713378906,117.43000030517578,222.91360473632812,57.28782272338867
2018-12-20,84.28050994873047,32.833621978759766,46.66624450683594,119.23999786376953,219.28506469726562,56.42764663696289
2018-12-21,84.24072265625,32.605079650878906,45.85368728637695,118.72000122070312,214.79197692871094,55.64228820800781
2018-12-24,84.29647064208984,32.30035400390625,45.3199577331543,120.0199966430664,209.11651611328125,53.66012954711914
2018-12-26,84.1371841430664,32.943660736083984,46.371490478515625,119.66000366210938,219.68211364746094,55.45526885986328
2018-12-27,84.2725601196289,32.90133285522461,46.50692367553711,120.56999969482422,221.36868286132812,55.44779968261719
2018-12-28,84.58311462402344,33.214515686035156,46.75387191772461,121.05999755859375,221.0831756591797,55.62731170654297
2018-12-31,84.79813385009766,33.062164306640625,46.825565338134766,121.25,223.01953125,55.77690887451172
2019-01-02,84.86182403564453,33.14680099487305,46.729976654052734,121.33000183105469,223.25157165527344,54.565189361572266
2019-01-03,85.21218872070312,32.54582214355469,46.30776596069336,122.43000030517578,217.9241943359375,54.946651458740234
2019-01-04,84.95738220214844,33.59541702270508,47.72575378417969,121.44000244140625,225.2237091064453,55.589908599853516
2019-01-07,84.81404876708984,33.671607971191406,47.908973693847656,121.86000061035156,226.99952697753906,56.135948181152344
2019-01-08,84.75032043457031,33.79856491088867,48.219661712646484,121.52999877929688,229.1322479248047,57.295310974121094
2019-01-09,84.82196807861328,34.39954376220703,48.76136779785156,122.30999755859375,230.20309448242188,57.21303939819336
2019-01-10,84.7264175415039,34.6450080871582,48.952552795410156,121.58999633789062,231.01516723632812,57.99094009399414
2019-01-11,84.84587097167969,34.4757194519043,48.61796951293945,121.80000305175781,231.1044158935547,58.155487060546875
2019-01-14,84.7264175415039,34.187931060791016,48.394920349121094,122.08999633789062,229.69444274902344,57.961021423339844
2019-01-15,84.74241638183594,34.42493438720703,48.64984130859375,121.87999725341797,232.32688903808594,58.51453399658203
2019-01-16,84.81404876708984,34.84815216064453,48.78527069091797,122.2699966430664,232.88906860351562,58.9259033203125
2019-01-17,84.75032043457031,35.00051498413086,48.96052169799805,122.11000061035156,234.65602111816406,59.21014404296875
2019-01-18,84.68668365478516,35.1698112487793,49.45442199707031,121.0199966430664,237.77931213378906,59.41209030151367
2019-01-22,84.75828552246094,34.560367584228516,48.68966293334961,121.44999694824219,234.5667724609375,59.232574462890625
2019-01-23,84.84587097167969,34.915870666503906,48.91272735595703,121.27999877929688,235.05752563476562,59.24007034301758
2019-01-24,84.98922729492188,35.25446319580078,48.96849060058594,121.08999633789062,235.1824188232422,59.4420280456543
2019-01-25,84.94943237304688,35.720001220703125,49.52611541748047,122.86000061035156,237.17245483398438,60.182518005371094
2019-01-28,84.90161895751953,35.347557067871094,49.25526809692383,123.29000091552734,235.369873046875,60.7734375
2019-01-29,85.12460327148438,35.40681838989258,49.36680603027344,123.9800033569336,235.05752563476562,61.252132415771484
2019-01-30,85.31568908691406,36.177085876464844,49.90850830078125,124.69000244140625,238.77862548828125,61.745811462402344
2019-01-31,85.57054901123047,36.4818000793457,49.932411193847656,124.75,240.8759002685547,62.389041900634766
2019-02-01,85.39330291748047,36.19401168823242,49.916465759277344,124.5,240.99185180664062,61.99263381958008
2019-02-04,85.32142639160156,36.25325393676758,50.099693298339844,123.95999908447266,242.6873016357422,62.45637512207031
2019-02-05,85.50507354736328,36.75266647338867,50.49003601074219,124.27999877929688,243.70458984375,62.8154182434082
2019-02-06,85.45718383789062,36.25325393676758,50.235130310058594,123.44000244140625,243.3832550048828,62.404014587402344
2019-02-07,85.49710083007812,35.88928985595703,49.56595993041992,123.73999786376953,241.06317138671875,62.92013168334961
2019-02-08,85.68865966796875,35.686134338378906,49.40663146972656,124.20999908447266,241.35768127441406,62.92013168334961
2019-02-11,85.60084533691406,35.56763458251953,49.35884094238281,123.5999984741211,241.4915313720703,63.0921630859375
2019-02-12,85.6168212890625,35.863895416259766,49.932411193847656,123.86000061035156,244.59689331054688,62.695735931396484
2019-02-13,85.46517181396484,35.609962463378906,49.940372467041016,123.37000274658203,245.39111328125,63.017372131347656
2019-02-14,85.59284210205078,35.677677154541016,49.956302642822266,124.05999755859375,244.84674072265625,63.21928787231445
2019-02-15,85.65674591064453,35.626895904541016,50.68122863769531,124.80000305175781,247.5149383544922,63.64566421508789
2019-02-19,85.70466613769531,35.906211853027344,50.87242126464844,126.69999694824219,247.9432830810547,63.63070297241211
2019-02-20,85.71261596679688,36.1093635559082,51.01581573486328,126.4800033569336,248.44300842285156,63.23428726196289
2019-02-21,85.52104187011719,36.03318786621094,50.91225814819336,125.05000305175781,247.55958557128906,63.29411697387695
2019-02-22,85.73658752441406,36.4310188293457,51.07953643798828,125.5,249.0944366455078,63.668128967285156
2019-02-25,85.71261596679688,36.83730697631836,51.23090362548828,125.37000274658203,249.4335174560547,63.166969299316406
2019-02-26,85.80841064453125,36.71033477783203,51.47785949707031,125.58000183105469,249.25509643554688,62.97248077392578
2019-02-27,85.62478637695312,36.397159576416016,51.270729064941406,124.69000244140625,249.14796447753906,62.658321380615234
2019-02-28,85.47314453125,35.92313766479492,51.19903564453125,123.98999786376953,248.68394470214844,62.8228874206543
2019-03-01,85.33470916748047,35.96546936035156,51.47785949707031,121.87999725341797,250.2366943359375,62.62842559814453
2019-03-04,85.43872833251953,36.01625442504883,51.28666687011719,121.55999755859375,249.32647705078125,62.91265869140625
2019-03-05,85.49472045898438,36.371761322021484,51.334468841552734,121.72000122070312,248.98728942871094,63.08468246459961
2019-03-06,85.6227798461914,36.168617248535156,51.20699691772461,121.61000061035156,247.47923278808594,62.792972564697266
2019-03-07,85.86287689208984,35.49991989135742,50.55377197265625,121.51000213623047,245.40896606445312,62.658321380615234
2019-03-08,85.97492980957031,35.2459831237793,50.56173324584961,122.83999633789062,244.9181671142578,62.72565460205078
2019-03-11,85.98294830322266,35.906211853027344,50.999881744384766,122.23999786376953,248.46978759765625,63.64566421508789
2019-03-12,86.14297485351562,36.09242630004883,50.968017578125,122.9800033569336,249.40672302246094,63.9373779296875
2019-03-13,86.10296630859375,36.13475799560547,51.406158447265625,123.83999633789062,251.0576171875,64.25152587890625
2019-03-14,85.97492980957031,35.9400749206543,51.39818572998047,122.41000366210938,250.8970184326172,64.3487777709961
2019-03-15,86.19097137451172,36.464881896972656,51.95582962036133,122.97000122070312,252.13656616210938,64.14682006835938
2019-03-18,86.17499542236328,36.87116622924805,52.13905715942383,123.04000091552734,253.05087280273438,63.82518005371094
2019-03-19,86.12696838378906,36.888092041015625,52.24261474609375,123.37999725341797,253.11354064941406,63.63070297241211
2019-03-20,86.4791030883789,36.947349548339844,52.266517639160156,124.18000030517578,252.35169982910156,63.82518005371094
2019-03-21,86.49510955810547,36.99812698364258,52.234649658203125,123.68000030517578,255.20193481445312,64.96212768554688
2019-03-22,86.92725372314453,35.91468048095703,51.23090362548828,123.97000122070312,250.29022216796875,64.49089813232422
2019-03-25,87.08729553222656,35.999324798583984,51.30260467529297,124.91999816894531,250.1020050048828,64.57316589355469
2019-03-26,87.10334777832031,36.1093635559082,51.557518005371094,124.30000305175781,251.96630859375,65.08926391601562
2019-03-27,87.28740692138672,35.720001220703125,51.5814208984375,123.6500015258789,250.6488037109375,64.90225982666016
2019-03-28,87.29541015625,35.95699691772461,51.453956604003906,121.9000015258789,251.5988006591797,65.53205871582031
2019-03-29,87.28740692138672,36.32944107055664,51.66904830932617,122.01000213623047,253.1852264404297,65.4718017578125
2019-04-01,86.88790130615234,36.93040466308594,52.33024215698242,121.52999877929688,256.1877746582031,65.43412017822266
2019-04-02,86.984130859375,36.81190872192383,52.34617614746094,121.9800033569336,256.3133239746094,65.8936538696289
2019-04-03,86.8237075805664,37.06584548950195,52.75245666503906,121.80000305175781,256.7166442871094,65.81831359863281
2019-04-04,86.88790130615234,37.29438781738281,52.64093017578125,122.11000061035156,257.39788818359375,65.71286010742188
2019-04-05,86.95207214355469,37.58217239379883,52.77634811401367,121.9800033569336,258.64361572265625,66.17239379882812
2019-04-08,86.91194915771484,37.58217239379883,52.808223724365234,122.51000213623047,258.8408508300781,65.80323791503906
2019-04-09,86.96009826660156,37.50600814819336,52.4736328125,123.1500015258789,257.51434326171875,65.45673370361328
2019-04-10,87.1285400390625,37.683753967285156,52.67279052734375,123.52999877929688,258.3927307128906,66.05940246582031
2019-04-11,87.02423858642578,37.2774543762207,52.5612678527832,121.94999694824219,258.321044921875,66.0141830444336
2019-04-12,86.85575103759766,37.54832458496094,52.92771530151367,121.83000183105469,260.0688171386719,66.3305892944336
2019-04-15,86.83972930908203,37.35364532470703,52.95161056518555,121.5999984741211,259.8985290527344,65.9915771484375
2019-04-16,86.68733215332031,37.63296890258789,52.99143600463867,120.51000213623047,260.0688171386719,64.49999237060547
2019-04-17,86.67929077148438,37.743003845214844,53.142791748046875,120.27999877929688,259.432373046875,63.91240310668945
2019-04-18,86.7916259765625,37.71760940551758,53.11093521118164,120.37000274658203,259.94329833984375,64.40205383300781
2019-04-22,86.68733215332031,37.47214126586914,53.0233039855957,120.37000274658203,260.1673583984375,63.693946838378906
2019-04-23,86.83972930908203,37.556785583496094,53.12687683105469,120.12000274658203,262.5066833496094,64.53766632080078
2019-04-24,87.04026794433594,37.048912048339844,52.76042175292969,120.47000122070312,261.92413330078125,65.01225280761719
2019-04-25,87.03225708007812,36.99812698364258,52.7205924987793,120.56999969482422,261.7627258300781,64.87667083740234
2019-04-26,87.20877838134766,37.142024993896484,52.935665130615234,121.37000274658203,262.98175048828125,65.388916015625
2019-04-29,87.0562973022461,37.21821212768555,53.1507682800293,120.83000183105469,263.3940124511719,64.74860382080078
2019-04-30,87.11249542236328,37.18435287475586,53.182640075683594,121.19999694824219,263.52850341796875,65.36630249023438
2019-05-01,87.16877746582031,36.905029296875,52.879913330078125,120.4000015258789,261.5476379394531,65.41905212402344
2019-05-02,86.9758071899414,36.98966979980469,52.80025100708008,119.94000244140625,260.9830017089844,65.48686218261719
2019-05-03,87.12054443359375,37.4298210144043,53.36585998535156,120.6500015258789,263.5374450683594,66.04431915283203
2019-05-06,87.23312377929688,36.65956115722656,52.76042175292969,120.80999755859375,262.45294189453125,65.83338165283203
2019-05-07,87.33766174316406,35.9400749206543,51.836334228515625,121.20999908447266,258.07000732421875,64.64313507080078
2019-05-08,87.32157135009766,35.88928985595703,51.90007019042969,120.91000366210938,257.7115478515625,64.57533264160156
2019-05-09,87.36983489990234,35.322174072265625,51.66107940673828,121.19999694824219,256.9317626953125,64.7410659790039
2019-05-10,87.38590240478516,35.53377914428711,52.04345703125,121.43000030517578,258.222412109375,65.43412017822266
2019-05-13,87.53067016601562,34.3487548828125,50.832584381103516,122.66999816894531,251.73326110839844,65.36630249023438
2019-05-14,87.60308074951172,34.83123016357422,51.34242630004883,122.45999908447266,254.00990295410156,65.60740661621094
2019-05-15,87.75582885742188,34.89894104003906,51.5256462097168,122.38999938964844,255.49761962890625,66.0518569946289
2019-05-16,87.65128326416016,34.72965621948242,51.93989944458008,121.51000213623047,257.86395263671875,66.31549835205078
2019-05-17,87.67537689208984,34.103294372558594,51.597347259521484,120.6500015258789,256.1968078613281,66.18746185302734
2019-05-20,87.55476379394531,33.95938491821289,51.39023208618164,120.63999938964844,254.50286865234375,65.23072052001953
2019-05-21,87.54674530029297,34.39107894897461,51.7327766418457,120.36000061035156,256.79730224609375,65.78817749023438
2019-05-22,87.69149017333984,34.22179412841797,51.5256462097168,120.23999786376953,256.00860595703125,65.98405456542969
2019-05-23,87.94879913330078,33.781639099121094,51.05564880371094,121.16999816894531,252.88052368164062,66.13473510742188
2019-05-24,87.98095703125,33.81550216674805,51.605316162109375,121.30000305175781,253.45416259765625,66.33810424804688
2019-05-28,88.10965728759766,33.93400192260742,51.10344314575195,120.83000183105469,251.09686279296875,65.68272399902344
2019-05-29,88.13378143310547,34.15407180786133,50.776832580566406,120.87000274658203,249.41183471679688,64.80886840820312
2019-05-30,88.36695098876953,34.340293884277344,50.968017578125,121.69000244140625,250.09300231933594,65.08007049560547
2019-05-31,88.77709197998047,34.458797454833984,50.50597381591797,123.33000183105469,246.722900390625,65.45673370361328
2019-06-03,88.98665618896484,34.77198791503906,50.80072021484375,125.11000061035156,246.09559631347656,65.61489868164062
2019-06-04,88.90603637695312,34.84815216064453,51.38226318359375,125.1500015258789,251.43743896484375,65.32112121582031
2019-06-05,88.857666015625,34.568824768066406,51.3663330078125,125.47000122070312,253.61550903320312,66.68464660644531
2019-06-06,88.84161376953125,34.585758209228516,51.57345962524414,125.87999725341797,255.26473999023438,66.81272888183594
2019-06-07,89.0914306640625,34.85662841796875,52.226680755615234,126.58999633789062,257.8190612792969,67.0613021850586
2019-06-10,88.857666015625,35.22060012817383,52.37006759643555,125.33000183105469,259.002197265625,66.84284973144531
2019-06-11,88.84161376953125,35.61842346191406,52.63295364379883,125.18000030517578,258.9394226074219,67.02362060546875
2019-06-12,88.95439910888672,35.23753356933594,52.24261474609375,125.83000183105469,258.4823913574219,67.2496566772461
2019-06-13,89.14784240722656,35.17827224731445,52.290409088134766,126.5999984741211,259.54888916015625,67.53590393066406
2019-06-14,89.12371063232422,34.788902282714844,51.90803909301758,126.55999755859375,259.2621154785156,67.57357788085938
2019-06-17,89.09949493408203,34.92622756958008,51.94547653198242,126.4800033569336,259.36077880859375,68.2967529296875
2019-06-18,89.34132385253906,35.77059555053711,52.637203216552734,127.12000274658203,262.0765075683594,68.22899627685547
2019-06-19,89.64759063720703,36.06910705566406,52.962738037109375,127.88999938964844,262.6680908203125,68.59809875488281
2019-06-20,89.80078125,36.597904205322266,53.426597595214844,131.11000061035156,265.17767333984375,68.94463348388672
2019-06-21,89.56700134277344,36.4785041809082,53.1987419128418,131.97999572753906,264.7921447753906,67.97284698486328
2019-06-24,89.72817993164062,36.427330017089844,53.312679290771484,133.94000244140625,264.4680480957031,67.73931121826172
2019-06-25,89.74430084228516,36.05205535888672,52.99528503417969,134.1999969482422,261.8741149902344,66.73737335205078
2019-06-26,89.5428237915039,36.393211364746094,53.06039047241211,132.97000122070312,261.61285400390625,65.40399932861328
2019-06-27,89.79267883300781,36.64908218383789,53.19059753417969,132.83999633789062,262.54052734375,66.24594116210938
2019-06-28,89.75235748291016,36.597904205322266,53.49170684814453,133.1999969482422,263.8914794921875,66.47412109375
2019-07-01,89.81861877441406,37.03289031982422,53.74398422241211,130.6199951171875,266.2872619628906,66.44368743896484
2019-07-02,89.98019409179688,36.9390754699707,53.89861297607422,133.41000366210938,266.9808654785156,67.5997543334961
2019-07-03,90.1256103515625,36.87083435058594,54.264835357666016,133.6300048828125,269.1153869628906,68.40596008300781
2019-07-05,89.74592590332031,36.614967346191406,53.84977722167969,132.13999938964844,268.80908203125,68.16260528564453
2019-07-08,89.69746398925781,36.393211364746094,53.540531158447266,131.2899932861328,267.3320617675781,68.40596008300781
2019-07-09,89.67322540283203,36.28233337402344,53.312679290771484,131.75,267.6653747558594,68.63414001464844
2019-07-10,89.7378158569336,36.58937454223633,53.49983596801758,133.8300018310547,268.9442138671875,69.0296401977539
2019-07-11,89.40660858154297,36.52114486694336,53.48357391357422,132.6999969482422,269.57464599609375,68.13215637207031
2019-07-12,89.50354766845703,36.54673385620117,53.54867935180664,133.52999877929688,270.78155517578125,68.04090118408203
2019-07-15,89.63282012939453,36.68319320678711,53.597503662109375,133.52999877929688,270.8716125488281,67.98765563964844
2019-07-16,89.5358657836914,36.632022857666016,53.37777328491211,132.39999389648438,269.99798583984375,67.82793426513672
2019-07-17,89.77017211914062,36.52114486694336,53.30453109741211,134.5800018310547,268.1605529785156,67.5997543334961
2019-07-18,89.91558074951172,36.74291229248047,53.467288970947266,136.47999572753906,269.14239501953125,67.5997543334961
2019-07-19,89.81056213378906,36.555259704589844,53.312679290771484,134.47000122070312,267.6471862792969,66.49694061279297
2019-07-22,89.92361450195312,36.56379318237305,53.36963653564453,134.4499969482422,268.3046875,66.43609619140625
2019-07-23,89.83476257324219,36.60643768310547,53.70329284667969,133.69000244140625,270.22314453125,67.18904876708984
2019-07-24,89.96405029296875,36.666141510009766,53.74398422241211,134.3699951171875,271.4930419921875,67.24229431152344
2019-07-25,89.82669830322266,36.34204864501953,53.1987419128418,133.4199981689453,270.1961364746094,66.8468017578125
2019-07-26,89.84286499023438,36.418800354003906,53.30453109741211,133.63999938964844,272.0065002441406,67.15103149414062
2019-07-29,89.88322448730469,36.350563049316406,53.418460845947266,134.52999877929688,271.5110778808594,67.33357238769531
2019-07-30,89.87517547607422,36.06910705566406,52.79996109008789,134.97999572753906,270.84466552734375,67.87356567382812
2019-07-31,89.91558074951172,35.62560272216797,52.45002365112305,133.2100067138672,267.88140869140625,67.60736846923828
2019-08-01,90.62005615234375,34.92622756958008,52.30354309082031,136.41000366210938,265.5487976074219,67.60736846923828
2019-08-02,90.65245056152344,34.58506393432617,51.83967971801758,135.88999938964844,263.5492858886719,67.93441772460938
2019-08-05,91.04920959472656,33.30571365356445,50.54571533203125,137.7899932861328,255.62355041503906,66.59581756591797
2019-08-06,91.29215240478516,33.7833366394043,50.887516021728516,138.91000366210938,259.2081604003906,67.33357238769531
2019-08-07,91.24356842041016,33.93686294555664,51.08283615112305,141.02000427246094,259.3612976074219,67.98765563964844
2019-08-08,91.33267211914062,34.35478591918945,51.57925033569336,141.72999572753906,264.4499206542969,69.18175506591797
2019-08-09,91.211181640625,34.00509262084961,51.22117614746094,141.25999450683594,262.6486511230469,69.09809112548828
2019-08-12,91.543212890625,33.595706939697266,50.814273834228516,142.6300048828125,259.4513244628906,68.9155502319336
2019-08-13,91.41361236572266,34.022151947021484,51.2944221496582,141.77999877929688,263.48626708984375,69.0144271850586
2019-08-14,91.6970443725586,33.041324615478516,49.886531829833984,142.75,255.69557189941406,67.96483612060547
2019-08-15,92.11808776855469,33.26307678222656,50.057437896728516,143.6999969482422,256.3711242675781,68.64176940917969
2019-08-16,92.04524230957031,33.72364044189453,50.659645080566406,142.77999877929688,260.1538391113281,69.34908294677734
2019-08-19,91.80232238769531,33.860107421875,50.968902587890625,141.11000061035156,263.28814697265625,69.8510513305664
2019-08-20,92.05329895019531,33.928340911865234,50.79798126220703,142.2100067138672,261.2707214355469,69.35669708251953
2019-08-21,92.00474548339844,34.2524299621582,51.15607452392578,141.75999450683594,263.3962097167969,69.6457290649414
2019-08-22,91.76181030273438,33.80892562866211,51.05841827392578,141.39999389648438,263.3150634765625,69.96517181396484
2019-08-23,92.13431549072266,33.30571365356445,50.423648834228516,144.1699981689453,256.5511474609375,68.9840087890625
2019-08-26,92.09380340576172,33.484825134277344,50.838687896728516,144.19000244140625,259.38824462890625,69.51641082763672
2019-08-27,92.38531494140625,33.544532775878906,50.79798126220703,145.57000732421875,258.3705139160156,69.31864929199219
2019-08-28,92.39346313476562,33.638343811035156,50.79798126220703,145.16000366210938,260.18988037109375,69.54682159423828
2019-08-29,92.33673095703125,34.01362609863281,51.23746109008789,144.1199951171875,263.51324462890625,70.08685302734375
2019-08-30,92.417724609375,34.27802276611328,51.44091033935547,143.75,263.3962097167969,70.14009094238281
2019-09-03,92.39582824707031,34.06480026245117,51.34324264526367,145.75,261.8560791015625,70.83983612060547
2019-09-04,92.55815887451172,34.63624572753906,52.067535400390625,146.66000366210938,264.8282470703125,71.43307495117188
2019-09-05,92.1604232788086,35.02857208251953,52.34423828125,143.13999938964844,268.232666015625,70.9158706665039
2019-09-06,92.25782775878906,35.182090759277344,52.515132904052734,141.9199981689453,268.4398193359375,71.0755844116211
2019-09-09,91.86824035644531,35.29297637939453,52.66975784301758,141.38999938964844,268.574951171875,70.73331451416016
2019-09-10,91.37316131591797,35.31856155395508,52.75928497314453,140.17999267578125,268.51190185546875,70.00318145751953
2019-09-11,91.38938903808594,35.5659065246582,53.052249908447266,141.02999877929688,270.4213562011719,70.0792465209961
2019-09-12,91.24329376220703,35.821773529052734,53.36149978637695,141.32000732421875,271.3579406738281,70.4519271850586
2019-09-13,90.69951629638672,36.026458740234375,53.66260528564453,140.14999389648438,271.1778869628906,69.69896697998047
2019-09-16,90.94298553466797,35.7450065612793,53.182456970214844,141.32000732421875,270.3402099609375,70.30741882324219
2019-09-17,91.08099365234375,35.7450065612793,53.36149978637695,141.60000610351562,271.02471923828125,71.0679702758789
2019-09-18,91.18647766113281,35.60001754760742,53.29638671875,140.7100067138672,271.1868591308594,70.82459259033203
2019-09-19,91.31633758544922,35.455020904541016,53.475433349609375,141.27999877929688,271.1688232421875,71.0755844116211
2019-09-20,91.64909362792969,35.48914337158203,53.353355407714844,142.9499969482422,269.8875427246094,71.0755844116211
2019-09-23,91.68968200683594,35.52326202392578,53.21501159667969,143.75,269.8241882324219,71.18966674804688
2019-09-24,91.94129943847656,35.147979736328125,53.011566162109375,144.50999450683594,267.70697021484375,71.03173065185547
2019-09-25,91.5598373413086,35.122398376464844,52.85693359375,141.8300018310547,269.2904357910156,71.16974639892578
2019-09-26,91.71407318115234,35.11385726928711,53.052249908447266,141.7899932861328,268.72943115234375,71.76773071289062
2019-09-27,91.82763671875,34.661827087402344,52.873207092285156,141.05999755859375,267.2817687988281,71.36907958984375
2019-09-30,91.8520278930664,34.85798645019531,53.06852340698242,138.8699951171875,268.5213317871094,71.49173736572266
2019-10-01,92.0187759399414,34.61064910888672,52.54768753051758,139.6300048828125,265.3273010253906,70.81707000732422
2019-10-02,92.0838394165039,34.346256256103516,51.47346496582031,141.25999450683594,260.6404113769531,70.51807403564453
2019-10-03,92.4417724609375,34.789764404296875,51.81525802612305,141.89999389648438,262.7758483886719,71.20040130615234
2019-10-04,92.58821868896484,34.94329071044922,52.22216796875,141.89999389648438,266.3316345214844,71.6297378540039
2019-10-07,92.3360595703125,34.653297424316406,52.15706253051758,140.69000244140625,265.1824951171875,71.4764175415039
2019-10-08,92.3685531616211,34.40595245361328,51.66877746582031,141.9199981689453,261.0655822753906,71.10071563720703
2019-10-09,92.31974792480469,34.67036056518555,52.043121337890625,142.0500030517578,263.5448303222656,71.23873138427734
2019-10-10,92.00251770019531,35.02857208251953,52.40934371948242,140.80999755859375,265.3273010253906,71.3537368774414
2019-10-11,91.7015609741211,35.59149169921875,53.345218658447266,140.02999877929688,268.0779724121094,71.32307434082031
2019-10-14,91.85607147216797,35.43796920776367,53.125492095947266,140.58999633789062,267.7793884277344,71.3537368774414
2019-10-15,91.5550765991211,35.75353240966797,53.74398422241211,139.61000061035156,270.4304504394531,71.44574737548828
2019-10-16,91.71781158447266,35.855892181396484,53.825374603271484,140.41000366210938,269.9961853027344,71.4533920288086
2019-10-17,91.6933822631836,35.99235534667969,53.95557403564453,140.61000061035156,270.7924499511719,71.92108154296875
2019-10-18,91.75848388671875,35.804710388183594,53.9311637878418,140.4600067138672,269.6070861816406,72.47305297851562
2019-10-21,91.50630187988281,36.128814697265625,54.22413635253906,139.7899932861328,271.4348449707031,73.02507781982422
2019-10-22,91.64458465576172,36.154396057128906,54.09392547607422,140.1999969482422,270.5480651855469,72.81040954589844
2019-10-23,91.71781158447266,36.162933349609375,54.386898040771484,140.52999877929688,271.3352966308594,72.971435546875
2019-10-24,91.7421646118164,36.162933349609375,54.48454666137695,141.52999877929688,271.77862548828125,72.78739929199219
2019-10-25,91.61206817626953,36.418800354003906,54.54153060913086,141.86000061035156,272.8916320800781,72.16642761230469
2019-10-28,91.41682434082031,36.632022857666016,54.785667419433594,140.63999938964844,274.42974853515625,71.72940826416016
2019-10-29,91.4249496459961,36.44438934326172,54.7693977355957,140.25,274.3482360839844,72.16642761230469
2019-10-30,91.68524169921875,36.60643768310547,54.997257232666016,141.02000427246094,275.1897888183594,72.42708587646484
2019-10-31,92.04322814941406,36.31644821166992,54.86705017089844,142.42999267578125,274.4568786621094,72.29672241210938
2019-11-01,92.06840515136719,36.862308502197266,55.35533142089844,142.55999755859375,276.9994201660156,72.28141021728516
2019-11-04,91.84019470214844,37.229061126708984,55.640167236328125,142.14999389648438,278.1123046875,71.7754135131836
2019-11-05,91.4977798461914,37.442283630371094,55.534366607666016,139.85000610351562,277.8047790527344,70.556396484375
2019-11-06,91.63638305664062,37.32286834716797,55.509944915771484,140.4499969482422,277.8680725097656,70.70974731445312
2019-11-07,91.20426940917969,37.595802307128906,55.68085479736328,138.27000427246094,278.84515380859375,70.00439453125
2019-11-08,91.15533447265625,37.254638671875,55.64830017089844,137.38999938964844,279.5329284667969,69.83574676513672
2019-11-11,91.1716537475586,36.990238189697266,55.575069427490234,137.05999755859375,278.9991149902344,69.98908233642578
2019-11-12,91.26948547363281,36.751426696777344,55.59947204589844,137.42999267578125,279.587158203125,69.46006774902344
2019-11-13,91.43256378173828,36.46997833251953,55.40416717529297,137.97999572753906,279.677734375,70.0964126586914
2019-11-14,91.69342803955078,36.49555969238281,55.24953079223633,138.55999755859375,280.08489990234375,70.64073181152344
2019-11-15,91.64453125,36.78554916381836,55.59947204589844,138.2100067138672,282.1116027832031,71.02407836914062
2019-11-18,91.81571960449219,36.72584533691406,55.664581298828125,138.6199951171875,282.3196716308594,71.36907958984375
2019-11-19,91.88095092773438,36.80260467529297,55.591339111328125,138.69000244140625,282.23834228515625,71.49173736572266
2019-11-20,92.10105895996094,36.64054870605469,55.24140930175781,138.75999450683594,281.18878173828125,71.4533920288086
2019-11-21,91.97062683105469,36.56379318237305,55.168155670166016,138.0,280.73626708984375,70.4490737915039
2019-11-22,92.0195541381836,36.56379318237305,55.322784423828125,137.74000549316406,281.3606262207031,70.18841552734375
2019-11-25,92.1092300415039,36.930538177490234,55.76223373413086,137.0800018310547,283.5412292480469,70.41072082519531
2019-11-26,92.23966217041016,36.819664001464844,55.72968673706055,137.74000549316406,284.1836242675781,71.34608459472656
2019-11-27,92.12552642822266,36.862308502197266,55.87617492675781,137.00999450683594,285.4504089355469,71.68342590332031
2019-11-29,92.01139831542969,36.28233337402344,55.48554229736328,137.86000061035156,284.39178466796875,71.3537368774414
2019-12-02,91.9100570678711,36.273807525634766,55.200714111328125,137.7899932861328,281.9759521484375,70.2727279663086
2019-12-03,92.32679748535156,36.0861701965332,54.997257232666016,139.11000061035156,280.08489990234375,70.72509002685547
2019-12-04,92.1715087890625,36.359100341796875,55.50181198120117,138.9199981689453,281.8130798339844,71.01640319824219
2019-12-05,92.06534576416016,36.52114486694336,55.39602279663086,139.0,282.3196716308594,71.05473327636719
2019-12-06,91.93457794189453,36.73436737060547,55.90058135986328,137.6199951171875,284.8984375,71.20040130615234
2019-12-09,91.98362731933594,36.58937454223633,55.60761260986328,137.5800018310547,284.002685546875,71.33839416503906
2019-12-10,91.95091247558594,36.71731185913086,55.632022857666016,137.97000122070312,283.6859436035156,70.9244155883789
2019-12-11,92.19601440429688,37.254638671875,55.92500305175781,138.9199981689453,284.4912109375,70.2037353515625
2019-12-12,91.80386352539062,37.90283966064453,56.299346923828125,138.42999267578125,286.94329833984375,69.25306701660156
2019-12-13,92.1715087890625,37.88578796386719,56.689971923828125,139.0500030517578,287.1152648925781,69.26840209960938
2019-12-16,91.98362731933594,38.20722961425781,57.29570007324219,139.0399932861328,289.08770751953125,69.76673126220703
2019-12-17,91.99180603027344,38.5556755065918,56.96649169921875,139.00999450683594,289.1510925292969,69.10740661621094
2019-12-18,91.81201934814453,38.764747619628906,56.892433166503906,139.02000427246094,289.1691589355469,69.94970703125
2019-12-19,91.9110336303711,38.78216552734375,56.892433166503906,139.3800048828125,290.3545227050781,70.56963348388672
2019-12-20,91.92741394042969,38.860572814941406,56.9335823059082,139.52000427246094,291.6274108886719,70.95706176757812
2019-12-23,91.86193084716797,38.912837982177734,57.02410888671875,139.9499969482422,292.0729675292969,70.60062408447266
2019-12-24,91.97653198242188,38.825721740722656,56.96649169921875,141.27000427246094,292.0821228027344,70.7865982055664
2019-12-26,92.058349609375,39.10448455810547,57.213382720947266,142.3800048828125,293.6369323730469,71.09654235839844
2019-12-27,92.18112182617188,39.261287689208984,57.3121452331543,142.3300018310547,293.5641784667969,71.32128143310547
2019-12-30,92.18112182617188,38.99995040893555,56.88419723510742,142.6300048828125,291.94561767578125,71.39103698730469
2019-12-31,91.96837615966797,39.08705520629883,57.14755630493164,142.89999389648438,292.6549072265625,71.90243530273438
2020-01-02,92.22209167480469,39.8797721862793,57.72364044189453,143.9499969482422,295.39166259765625,71.05779266357422
2020-01-03,92.49214172363281,39.13932800292969,57.00764083862305,145.86000061035156,293.1549377441406,71.49949645996094
2020-01-06,92.41848754882812,39.04350280761719,57.22985076904297,147.38999938964844,294.2734069824219,71.5847396850586
2020-01-07,92.32026672363281,39.017372131347656,57.073482513427734,147.97000122070312,293.44598388671875,70.7865982055664
2020-01-08,92.21392059326172,39.24385070800781,57.23808288574219,146.86000061035156,295.0099182128906,71.00357055664062
2020-01-09,92.3121109008789,39.50519561767578,57.3697624206543,146.02999877929688,297.01031494140625,70.96482849121094
2020-01-10,92.46758270263672,39.71426773071289,57.15578079223633,146.91000366210938,296.15545654296875,71.50724792480469
2020-01-13,92.41033172607422,40.33275604248047,57.452056884765625,145.82000732421875,298.19232177734375,72.36739349365234
2020-01-14,92.49214172363281,40.106266021728516,57.50965881347656,145.69000244140625,297.7376708984375,72.0961685180664
2020-01-15,92.63131713867188,39.792667388916016,57.50965881347656,146.5399932861328,298.4105224609375,72.7470932006836
2020-01-16,92.63131713867188,40.04529571533203,57.748321533203125,146.30999755859375,300.8929138183594,73.32825469970703
2020-01-17,92.52490234375,40.27177429199219,57.92115020751953,146.5800018310547,301.8293151855469,73.39800262451172
2020-01-21,92.78678131103516,39.2525749206543,57.46027755737305,146.74000549316406,301.2383117675781,74.09541320800781
2020-01-22,92.83589935302734,39.57488250732422,57.57551193237305,146.7899932861328,301.274658203125,73.59945678710938
2020-01-23,92.95867919921875,39.16545867919922,57.43560791015625,147.1199951171875,301.6202697753906,74.2193603515625
2020-01-24,93.13053894042969,38.85185623168945,57.18869400024414,147.97999572753906,298.9378662109375,73.9636459350586
2020-01-27,93.4170150756836,37.51034164428711,56.00361633300781,148.99000549316406,294.14599609375,73.6072006225586
2020-01-28,93.33515930175781,37.82393264770508,56.53032684326172,147.66000366210938,297.2285461425781,73.90167236328125
2020-01-29,93.5479507446289,38.006874084472656,56.53854751586914,148.4600067138672,296.9830017089844,73.63046264648438
2020-01-30,93.55612182617188,37.44064712524414,56.489173889160156,148.47000122070312,297.9468078613281,73.6846923828125
2020-01-31,93.83442687988281,36.68277359008789,55.53451919555664,149.3300018310547,292.5367126464844,72.78582763671875
2020-02-03,93.80406951904297,37.092201232910156,55.66619110107422,148.36000061035156,294.7098388671875,73.02606201171875
2020-02-04,93.49239349365234,38.0504264831543,56.596160888671875,146.42999267578125,299.2015686035156,73.77770233154297
2020-02-05,93.35295867919922,38.26821517944336,57.139320373535156,146.61000061035156,302.65679931640625,73.8241958618164
2020-02-06,93.41034698486328,38.30305099487305,57.29570007324219,147.39999389648438,303.6751708984375,74.07212829589844
2020-02-07,93.68102264404297,37.77166748046875,56.75251388549805,147.7899932861328,302.0566101074219,74.05667877197266
2020-02-10,93.78764343261719,37.980735778808594,56.86774826049805,148.1699981689453,304.31170654296875,74.88578796386719
2020-02-11,93.67284393310547,38.477272033691406,57.25453186035156,147.66000366210938,304.83905029296875,75.45146179199219
2020-02-12,93.57439422607422,38.99995040893555,57.452056884765625,147.5399932861328,306.80303955078125,75.90089416503906
2020-02-13,93.63999938964844,38.485984802246094,57.048797607421875,148.3800048828125,306.4756774902344,76.35809326171875
2020-02-14,93.73844146728516,38.503414154052734,56.950042724609375,149.0,306.966796875,77.14849090576172
2020-02-18,93.8614730834961,38.25078582763672,56.58792495727539,150.91000366210938,306.17559814453125,77.06324768066406
2020-02-19,93.83685302734375,38.529537200927734,56.777217864990234,151.7899932861328,307.6394958496094,76.02487182617188
2020-02-20,94.05010223388672,37.928470611572266,56.43979263305664,152.41000366210938,306.37567138671875,76.93150329589844
2020-02-21,94.23876190185547,37.710693359375,56.176448822021484,154.6999969482422,303.2205810546875,77.15624237060547
2020-02-24,94.54224395751953,36.299476623535156,53.92971420288086,156.08999633789062,293.16412353515625,76.10237884521484
2020-02-25,94.70625305175781,36.01202392578125,53.040897369384766,153.3000030517578,284.28057861328125,74.04116821289062
2020-02-26,94.60782623291016,36.299476623535156,53.10673141479492,153.97000122070312,283.2348937988281,73.24301147460938
2020-02-27,94.62422180175781,35.42835998535156,51.534847259521484,154.0,270.5143737792969,69.34528350830078
2020-02-28,95.32136535644531,35.297698974609375,51.22211837768555,148.3800048828125,269.3777770996094,67.67152404785156
2020-03-02,95.28765869140625,36.06428527832031,51.8804931640625,149.1999969482422,281.0435791015625,70.5618896484375
2020-03-03,95.93695068359375,35.820369720458984,51.460777282714844,153.88999938964844,272.9966735839844,70.39915466308594
2020-03-04,95.86299133300781,36.456275939941406,52.9997444152832,154.16000366210938,284.4715881347656,73.05703735351562
2020-03-05,96.15885162353516,35.68970489501953,51.59246063232422,157.49000549316406,275.0152282714844,71.49174499511719
2020-03-06,96.86570739746094,34.95796203613281,50.8188591003418,157.5500030517578,270.4689636230469,70.2596664428711
2020-03-09,96.7424087524414,32.57110595703125,46.876792907714844,157.80999755859375,249.3467254638672,64.8431625366211
2020-03-10,95.64930725097656,34.226226806640625,48.60505676269531,154.47999572753906,262.2492370605469,67.58268737792969
2020-03-11,94.28502655029297,32.6320686340332,46.12788391113281,153.92999267578125,249.46499633789062,63.52180480957031
2020-03-12,90.5125961303711,29.365385055541992,41.05834197998047,147.7899932861328,225.5968780517578,57.086849212646484
2020-03-13,91.9344482421875,31.482202529907227,43.543739318847656,143.27999877929688,244.88232421875,62.06924819946289
2020-03-16,93.47134399414062,27.553457260131836,39.05027770996094,141.63999938964844,218.0863494873047,51.06578826904297
2020-03-17,91.05503845214844,29.452495574951172,40.95135498046875,143.55999755859375,229.8612823486328,54.017757415771484
2020-03-18,87.58676147460938,26.908832550048828,38.605873107910156,140.6999969482422,218.22276306152344,48.879150390625
2020-03-19,89.54280090332031,27.117897033691406,39.20663833618164,138.0399932861328,218.68646240234375,49.05095291137695
2020-03-20,90.43040466308594,27.318256378173828,38.72108459472656,140.11000061035156,209.26234436035156,46.60660171508789
2020-03-23,92.57550048828125,26.664920806884766,38.268455505371094,146.3000030517578,203.9119110107422,44.44339370727539
2020-03-24,93.33985137939453,28.668489456176758,41.5109748840332,153.39999389648438,222.386962890625,48.44181823730469
2020-03-25,94.29322814941406,29.67898941040039,42.86066436767578,151.3000030517578,225.7161407470703,51.050174713134766
2020-03-26,94.58086395263672,30.8027286529541,44.778202056884766,153.24000549316406,238.8956756591797,54.65031051635742
2020-03-27,94.98359680175781,29.05177879333496,43.502586364746094,152.25,231.78001403808594,54.70497131347656
2020-03-30,95.07401275634766,29.530899047851562,44.3831787109375,152.9199981689453,239.3072509765625,55.89981460571289
2020-03-31,94.81920623779297,29.73125648498535,43.99637222290039,148.0500030517578,235.74021911621094,54.54877853393555
2020-04-01,94.4971694946289,28.45941925048828,42.04591751098633,149.4499969482422,225.1308135986328,50.964271545410156
2020-04-02,94.63719177246094,29.41765022277832,42.868896484375,151.89999389648438,230.32579040527344,51.13606262207031
2020-04-03,94.70305633544922,28.860136032104492,41.88956069946289,152.64999389648438,226.99658203125,50.39417266845703
2020-04-06,95.1643295288086,30.436853408813477,44.11158752441406,156.8800048828125,242.2431182861328,54.127071380615234
2020-04-07,95.29611206054688,30.59366226196289,44.358489990234375,156.0399932861328,242.49012756347656,54.626888275146484
2020-04-08,95.38670349121094,30.907268524169922,44.72059631347656,154.64999389648438,250.6300506591797,58.351959228515625
2020-04-09,96.57276916503906,30.794010162353516,45.73285675048828,158.69000244140625,254.44398498535156,61.624122619628906
2020-04-13,96.11973571777344,30.83757209777832,45.29667663574219,161.41000366210938,252.12091064453125,59.03139114379883
2020-04-14,96.169189453125,31.543176651000977,46.10319900512695,162.67999267578125,259.5566711425781,60.686973571777344
2020-04-15,96.56452178955078,30.733036041259766,44.662986755371094,161.85000610351562,254.04161071777344,58.281673431396484
2020-04-16,96.68806457519531,30.8985538482666,44.68768310546875,161.7100067138672,255.2671661376953,57.61789321899414
2020-04-17,96.57276916503906,31.58673095703125,45.87276840209961,158.57000732421875,262.16326904296875,59.43749237060547
2020-04-20,96.43274688720703,31.186016082763672,45.189693450927734,159.6999969482422,257.5445251464844,57.227413177490234
2020-04-21,96.48219299316406,30.32361602783203,44.30910873413086,158.61000061035156,249.724609375,56.188751220703125
2020-04-22,96.48219299316406,31.151174545288086,45.05801773071289,161.72999572753906,255.2671661376953,57.04780197143555
2020-04-23,96.7127685546875,31.037931442260742,44.91810607910156,163.33999633789062,255.2488555908203,56.5714225769043
2020-04-24,96.6633529663086,30.994367599487305,45.436588287353516,162.63999938964844,258.80657958984375,56.81351852416992
2020-04-27,96.21858215332031,31.6215763092041,46.037357330322266,161.55999755859375,262.5382080078125,58.758056640625
2020-04-28,96.59746551513672,31.68255615234375,46.38301086425781,160.83999633789062,261.3310852050781,59.24225997924805
2020-04-29,96.6633529663086,32.60594177246094,47.54340362548828,161.72999572753906,268.1722717285156,60.13251876831055
2020-04-30,96.44923400878906,31.917755126953125,46.55583190917969,158.8000030517578,265.67535400390625,59.43749237060547
2020-05-01,96.45417785644531,30.76788330078125,45.543575286865234,159.77999877929688,258.64202880859375,57.43047332763672
2020-05-04,96.53667449951172,31.098899841308594,45.52710723876953,160.33999633789062,259.35546875,57.14932632446289
2020-05-05,96.46243286132812,31.273136138916016,45.609405517578125,161.02000427246094,261.7516784667969,57.43047332763672
2020-05-06,96.07455444335938,31.177309036254883,45.31314468383789,158.9499969482422,259.9773254394531,56.39961242675781
2020-05-07,96.37165069580078,31.42993927001953,45.996212005615234,161.38999938964844,263.11444091796875,57.203983306884766
2020-05-08,96.11577606201172,32.09197998046875,46.77803421020508,160.4199981689453,267.4679870605469,58.562808990478516
2020-05-11,95.82691192626953,31.882909774780273,46.73688888549805,159.4199981689453,267.5228271484375,57.71160125732422
2020-05-12,96.07455444335938,31.760957717895508,46.14434814453125,160.0399932861328,262.1907653808594,55.08763122558594
2020-05-13,96.2313461303711,31.699974060058594,45.79046630859375,161.5800018310547,257.5537109375,53.75223159790039
2020-05-14,96.52841186523438,31.821943283081055,45.35429000854492,163.00999450683594,260.63592529296875,53.93964767456055
2020-05-15,96.58617401123047,31.38637351989746,45.39543533325195,163.92999267578125,261.833984375,53.72881317138672
2020-05-18,96.44589233398438,32.614646911621094,47.230674743652344,162.69000244140625,269.8094482421875,56.90724182128906
2020-05-19,96.55321502685547,32.35331726074219,46.580528259277344,164.25999450683594,267.03814697265625,56.141910552978516
2020-05-20,96.80079650878906,32.78017044067383,47.55164337158203,164.64999389648438,271.57464599609375,56.64171600341797
2020-05-21,96.87507629394531,32.40558624267578,47.000240325927734,162.25,269.6996765136719,56.688575744628906
2020-05-22,96.92457580566406,31.734827041625977,46.868568420410156,163.2100067138672,270.2118225097656,57.45388412475586
2020-05-26,96.7677993774414,32.43172073364258,48.210025787353516,160.88999938964844,273.5409240722656,59.601463317871094
2020-05-27,96.9080810546875,32.5362434387207,48.794334411621094,161.17999267578125,277.6109924316406,60.788509368896484
2020-05-28,96.8420639038086,32.30976104736328,49.25520324707031,161.72000122070312,277.098876953125,61.07746124267578
2020-05-29,97.097900390625,32.86727523803711,49.082366943359375,162.91000366210938,278.33355712890625,60.46833419799805
2020-06-01,97.04334259033203,33.62514877319336,50.17694091796875,163.66000366210938,279.45849609375,61.86622619628906
2020-06-02,97.12600708007812,34.42658233642578,50.64603042602539,162.60000610351562,281.7724304199219,62.366031646728516
2020-06-03,96.88626098632812,35.22801208496094,51.85580825805664,159.60000610351562,285.5224304199219,64.3652114868164
2020-06-04,96.59685516357422,34.73147201538086,51.63360595703125,161.27999877929688,284.7724304199219,63.72484588623047
2020-06-05,96.65471649169922,35.64613723754883,52.522422790527344,158.00999450683594,292.07098388671875,66.1379623413086
2020-06-08,96.76222229003906,35.86392593383789,53.20549392700195,159.72000122070312,295.601318359375,67.77793884277344
2020-06-09,96.88626098632812,35.62001037597656,52.51419448852539,161.25999450683594,293.3971252441406,66.65338134765625
2020-06-10,97.28308868408203,35.881343841552734,52.39897537231445,163.57000732421875,291.7599792480469,64.958740234375
2020-06-11,97.11776733398438,34.00844192504883,49.59262466430664,162.38999938964844,274.94036865234375,60.788509368896484
2020-06-12,97.21696472167969,34.73147201538086,50.448516845703125,162.6199951171875,278.23297119140625,62.96731185913086
2020-06-15,97.53945922851562,34.41604232788086,50.65550994873047,162.3300018310547,280.8304138183594,63.85761260986328
2020-06-16,97.34928131103516,34.63508987426758,51.28150177001953,162.25,286.23577880859375,65.11492919921875
2020-06-17,97.2666015625,34.96803283691406,51.473480224609375,162.55999755859375,285.0467834472656,64.16998291015625
2020-06-18,97.36582946777344,34.98556137084961,51.19804000854492,162.24000549316406,285.1564636230469,63.46715545654297
2020-06-19,97.39886474609375,34.9767951965332,50.94765090942383,164.02999877929688,283.5269470214844,62.545616149902344
2020-06-22,97.37406158447266,35.40612030029297,51.55694580078125,165.08999633789062,285.3458251953125,62.4831428527832
2020-06-23,97.3575210571289,35.74782943725586,51.840728759765625,166.47999572753906,286.6593933105469,62.22544860839844
2020-06-24,97.34098052978516,35.274696350097656,50.51362228393555,165.89999389648438,279.34710693359375,60.45270538330078
2020-06-25,97.45672607421875,35.423648834228516,51.231422424316406,165.8000030517578,282.34185791015625,61.22481918334961
2020-06-26,97.57251739501953,34.994319915771484,50.48858642578125,166.5399932861328,275.63580322265625,60.04969024658203
2020-06-29,97.65516662597656,35.15203094482422,50.89756774902344,166.6300048828125,279.6869812011719,61.20903778076172
2020-06-30,97.73784637451172,35.03813552856445,50.80574417114258,167.3699951171875,283.2696533203125,61.93461608886719
2020-07-01,97.79004669189453,35.43240737915039,50.99772262573242,166.6199951171875,285.2538757324219,63.36213302612305
2020-07-02,97.9060287475586,36.23849105834961,51.55694580078125,166.97999572753906,286.82476806640625,63.18073272705078
2020-07-06,97.89775085449219,37.798072814941406,52.39994812011719,167.97999572753906,291.25250244140625,63.1491813659668
2020-07-07,98.04684448242188,37.16722869873047,51.63206481933594,169.0399932861328,288.2486572265625,61.89519500732422
2020-07-08,98.01370239257812,38.131019592285156,52.06608581542969,170.08999633789062,290.453369140625,61.8084602355957
2020-07-09,98.27049255371094,38.131019592285156,51.473480224609375,169.6300048828125,288.7997741699219,61.42198944091797
2020-07-10,98.154541015625,37.88568878173828,52.024356842041016,169.19000244140625,291.7486877441406,61.611263275146484
2020-07-13,98.1462631225586,37.6316032409668,51.69048309326172,169.39999389648438,289.22247314453125,60.8777961730957
2020-07-14,98.30364990234375,37.68416213989258,52.45002746582031,170.19000244140625,292.970458984375,61.39044952392578
2020-07-15,98.31192779541016,37.798072814941406,53.042640686035156,170.33999633789062,295.6620788574219,61.98983383178711
2020-07-16,98.37823486328125,37.26360321044922,52.70043182373047,168.72999572753906,294.688232421875,61.24850082397461
2020-07-17,98.47762298583984,37.4738883972168,53.009254455566406,170.1199951171875,295.5425720214844,62.0450439453125
2020-07-20,98.58525848388672,37.955780029296875,53.268001556396484,170.94000244140625,297.9309997558594,61.30369567871094
2020-07-21,98.64327239990234,38.30625534057617,53.37651062011719,173.0,298.56494140625,61.45352554321289
2020-07-22,98.72610473632812,38.13977813720703,53.518394470214844,175.6300048828125,300.264404296875,62.392059326171875
2020-07-23,98.84211730957031,37.833126068115234,53.09272003173828,177.17999267578125,296.68170166015625,62.13180160522461
2020-07-24,98.8089828491211,37.798072814941406,52.80058670043945,178.6999969482422,294.77093505859375,61.67435073852539
2020-07-27,98.74266815185547,38.385101318359375,53.49335479736328,182.22999572753906,296.9205627441406,62.25797653198242
2020-07-28,98.8089828491211,38.06968307495117,53.15114974975586,183.75,295.03741455078125,63.496219635009766
2020-07-29,98.9249496459961,38.683006286621094,53.710365295410156,185.1300048828125,298.6659240722656,64.72653198242188
2020-07-30,98.99949645996094,38.192352294921875,52.917442321777344,183.75999450683594,297.6002502441406,64.30855560302734
2020-07-31,99.0409164428711,37.929500579833984,51.7906494140625,185.42999267578125,299.9519958496094,64.19024658203125
2020-08-03,99.07991790771484,38.192352294921875,52.80058670043945,185.63999938964844,302.037353515625,63.338470458984375
2020-08-04,99.27075958251953,38.70053482055664,53.09272003173828,189.58999633789062,303.20404052734375,64.2848892211914
2020-08-05,99.07991790771484,39.12109375,53.268001556396484,191.35000610351562,305.0872802734375,63.961517333984375
2020-08-06,99.2209701538086,39.24375534057617,53.32642364501953,193.88999938964844,307.1264953613281,64.06404876708984
2020-08-07,99.10478210449219,38.43767166137695,53.109413146972656,190.80999755859375,307.34698486328125,64.97891235351562
2020-08-10,99.01355743408203,38.5340576171875,53.284698486328125,190.14999389648438,308.2657165527344,65.0814208984375
2020-08-11,98.73967742919922,38.428916931152344,53.47666549682617,179.94000244140625,305.7210693359375,64.1429214477539
2020-08-12,98.54052734375,38.94585418701172,54.6618766784668,179.10000610351562,309.9835205078125,64.78962707519531
2020-08-13,98.17539978027344,38.83195877075195,54.419822692871094,183.3300018310547,309.4231872558594,63.99306106567383
2020-08-14,98.08412170410156,38.76185989379883,54.085968017578125,182.5399932861328,309.4324035644531,64.0009536743164
2020-08-17,98.21688842773438,39.25252151489258,54.49495315551758,186.5,310.41534423828125,64.52147674560547
2020-08-18,98.35794067382812,39.208709716796875,54.46155548095703,188.17999267578125,311.0859069824219,64.2138900756836
2020-08-19,98.20858764648438,38.7268180847168,54.219512939453125,182.24000549316406,309.7906494140625,63.08609390258789
2020-08-20,98.38288116455078,38.60415267944336,54.04423141479492,183.5,310.755126953125,63.68548583984375
2020-08-21,98.48242950439453,38.79690933227539,53.768795013427734,182.02999877929688,311.8575439453125,63.78799819946289
2020-08-24,98.44091796875,39.226234436035156,54.47825241088867,181.0,315.0176696777344,64.19813537597656
2020-08-25,98.23348999023438,39.62051010131836,54.511634826660156,181.22000122070312,316.1199951171875,64.36375427246094
2020-08-26,98.21688842773438,39.72565460205078,54.82881164550781,183.36000061035156,319.28924560546875,63.77223587036133
2020-08-27,97.87667846679688,39.39270782470703,54.269588470458984,181.24000549316406,319.9873962402344,64.71076202392578
2020-08-28,98.00943756103516,39.90964889526367,54.65353012084961,184.38999938964844,322.0543518066406,65.13665771484375
2020-08-31,98.2252197265625,39.024715423583984,54.236202239990234,184.8300018310547,320.88775634765625,64.47415924072266
2020-09-01,98.42881774902344,39.690608978271484,54.29463577270508,185.0500030517578,323.9099426269531,64.52147674560547
2020-09-02,98.62835693359375,39.585472106933594,55.02078628540039,182.6199951171875,328.5950012207031,65.72028350830078
2020-09-03,98.65324401855469,38.83195877075195,53.77714157104492,181.13999938964844,317.28668212890625,64.93159484863281
2020-09-04,98.1628646850586,38.84947967529297,53.85225296020508,181.63999938964844,314.6961669921875,64.59244537353516
2020-09-08,98.27093505859375,38.174827575683594,53.1928825378418,181.2899932861328,306.09759521484375,63.80378341674805
2020-09-09,98.26258087158203,38.74433517456055,54.18613052368164,183.0500030517578,312.1424255371094,64.43473052978516
2020-09-10,98.27093505859375,38.12225341796875,53.55178451538086,182.4600067138672,306.7224426269531,63.646053314208984
2020-09-11,98.38728332519531,38.4902458190918,54.085968017578125,182.4499969482422,306.8785400390625,63.291160583496094
2020-09-14,98.39558410644531,39.112335205078125,54.37809753417969,183.88999938964844,310.92047119140625,64.83695220947266
2020-09-15,98.4039077758789,39.52413558959961,54.7286491394043,183.4499969482422,312.491455078125,65.61773681640625
2020-09-16,98.35403442382812,39.47156524658203,54.7286491394043,183.97000122070312,311.2511901855469,65.96476745605469
2020-09-17,98.37898254394531,39.3138542175293,54.803775787353516,182.9600067138672,308.5137023925781,64.67923736572266
2020-09-18,98.26258087158203,39.00718688964844,54.36140823364258,183.1999969482422,304.9619140625,63.22016906738281
2020-09-21,98.27922821044922,38.64796829223633,52.98421859741211,179.52000427246094,301.56781005859375,61.31946563720703
2020-09-22,98.35403442382812,38.358821868896484,52.96752166748047,178.64999389648438,304.6390686035156,62.05293273925781
2020-09-23,98.1462173461914,37.76302719116211,52.525150299072266,174.7899932861328,297.57415771484375,60.18376922607422
2020-09-24,98.154541015625,37.587791442871094,52.475067138671875,175.44000244140625,298.3673400878906,60.50712585449219
2020-09-25,98.18779754638672,37.62283706665039,52.650360107421875,174.94000244140625,303.1910705566406,61.754913330078125
2020-09-28,98.27093505859375,38.04340362548828,53.443275451660156,176.6999969482422,308.22686767578125,63.01865005493164
2020-09-29,98.28754425048828,38.01711654663086,53.38484573364258,178.19000244140625,306.5482482910156,62.565608978271484
2020-09-30,98.12959289550781,38.630435943603516,53.12611389160156,177.1199951171875,308.87249755859375,62.75636291503906
2020-10-01,98.26448822021484,38.98966979980469,53.434932708740234,178.6999969482422,310.8553771972656,64.01213073730469
2020-10-02,98.16461944580078,38.542823791503906,53.32642364501953,178.5399932861328,307.90399169921875,65.11690521240234
2020-10-05,97.84819030761719,39.05976104736328,54.136043548583984,179.41000366210938,313.3641052246094,65.49044799804688
2020-10-06,97.93144989013672,39.12985610961914,53.560123443603516,177.3000030517578,308.909423828125,65.0612564086914
2020-10-07,97.8648681640625,39.559181213378906,54.01919174194336,177.22000122070312,314.2864685058594,65.15663146972656
2020-10-08,97.98973083496094,39.883358001708984,54.39479446411133,177.85000610351562,317.0717468261719,66.24549102783203
2020-10-09,98.01471710205078,40.15497589111328,54.820465087890625,181.0800018310547,319.90338134765625,65.98319244384766
2020-10-12,98.20619201660156,40.50545120239258,55.137638092041016,180.55999755859375,325.04974365234375,66.29317474365234
2020-10-13,98.23118591308594,40.33897018432617,54.519989013671875,177.72000122070312,322.9285583496094,65.15663146972656
2020-10-14,98.28946685791016,40.067359924316406,54.42818069458008,178.27000427246094,320.8994140625,64.3618392944336
2020-10-15,98.20619201660156,39.77822494506836,53.78549575805664,178.9199981689453,320.5028076171875,64.69566345214844
2020-10-16,98.15630340576172,39.91841125488281,54.035888671875,178.3000030517578,320.3091125488281,64.23467254638672
2020-10-19,98.03968811035156,39.80450439453125,53.8355712890625,178.38999938964844,315.4393005371094,63.23324203491211
2020-10-20,97.95642852783203,40.24260330200195,54.10265350341797,179.25,316.7029724121094,63.686279296875
2020-10-21,97.83985137939453,40.35649871826172,53.84391403198242,180.60000610351562,316.10345458984375,63.49553298950195
2020-10-22,97.66502380371094,40.34772872924805,53.885643005371094,178.8300018310547,317.8372802734375,63.487571716308594
2020-10-23,97.80657958984375,40.58430099487305,54.236202239990234,178.63999938964844,318.9164123535156,63.869083404541016
2020-10-26,97.93980407714844,40.058597564697266,53.25965118408203,178.5500030517578,313.0228576660156,62.955078125
2020-10-27,98.16461944580078,40.23382568359375,52.842323303222656,179.02000427246094,311.94378662109375,61.94569396972656
2020-10-28,98.02304077148438,39.226234436035156,51.264808654785156,176.1300048828125,301.2818603515625,60.467384338378906
2020-10-29,97.84819030761719,39.62051010131836,51.50686264038086,175.39999389648438,304.34393310546875,61.2780647277832
2020-10-30,97.58174133300781,39.173667907714844,51.23977279663086,176.1999969482422,301.1712341308594,60.87272262573242
2020-11-02,97.75853729248047,39.67308044433594,51.90749740600586,177.91000366210938,304.5469055175781,62.32718276977539
2020-11-03,97.71685791015625,39.84831237792969,53.268001556396484,178.9199981689453,309.9239196777344,63.52731704711914
2020-11-04,98.36736297607422,41.10124206542969,53.85225296020508,178.82000732421875,316.85052490234375,63.638580322265625
2020-11-05,98.45909881591797,41.802181243896484,55.14598083496094,182.92999267578125,323.0299377441406,63.94059753417969
2020-11-06,98.24226379394531,41.994937896728516,55.262840270996094,183.19000244140625,322.9560852050781,63.50347137451172
2020-11-09,97.78357696533203,42.2840690612793,56.87373352050781,175.0800018310547,327.014404296875,65.75272369384766
2020-11-10,97.6250991821289,41.802181243896484,57.382877349853516,175.66000366210938,326.5347595214844,66.71442413330078
2020-11-11,97.68350982666016,42.07379150390625,57.86698532104492,174.89999389648438,328.96038818359375,66.96874237060547
2020-11-12,98.0921630859375,41.75836944580078,57.02396774291992,175.9600067138672,325.7691345214844,66.0944595336914
2020-11-13,98.10881805419922,42.34541320800781,57.90035629272461,177.16000366210938,330.279296875,67.85891723632812
2020-11-16,98.10049438476562,42.8711051940918,58.50130844116211,177.14999389648438,334.4019775390625,68.62189483642578
2020-11-17,98.3006362915039,42.827308654785156,58.4428825378418,176.5,332.603515625,68.68547821044922
2020-11-18,98.36736297607422,42.678348541259766,58.134063720703125,175.49000549316406,328.60076904296875,67.35025024414062
2020-11-19,98.55084991455078,42.748443603515625,58.54304504394531,175.16000366210938,329.9841613769531,67.61254119873047
2020-11-20,98.65089416503906,42.985015869140625,58.71832275390625,175.69000244140625,327.7245178222656,67.2469253540039
2020-11-23,98.62590789794922,43.098915100097656,58.643211364746094,172.22999572753906,329.68902587890625,67.37406158447266
2020-11-24,98.49246978759766,43.677188873291016,59.51959228515625,169.58999633789062,335.00146484375,67.73175048828125
2020-11-25,98.45909881591797,43.43186569213867,59.44449234008789,169.50999450683594,334.4851379394531,67.77149963378906
2020-11-27,98.62590789794922,43.84366226196289,59.853458404541016,167.7899932861328,335.4165954589844,67.46944427490234
2020-11-30,98.75930786132812,42.69588088989258,58.5513916015625,166.6699981689453,333.93170166015625,66.7621078491211
2020-12-01,98.4468765258789,43.53700637817383,59.9285888671875,170.17999267578125,337.5839538574219,67.62045288085938
2020-12-02,98.3382568359375,43.598331451416016,59.936927795410156,171.4600067138672,338.2942199707031,67.08797454833984
2020-12-03,98.50540924072266,44.09775924682617,60.037086486816406,172.80999755859375,338.2019348144531,67.65227508544922
2020-12-04,98.238037109375,44.55335998535156,60.54623794555664,172.32000732421875,341.11651611328125,68.68547821044922
2020-12-07,98.38838958740234,44.55335998535156,60.05377197265625,174.88999938964844,340.4154357910156,68.08940887451172
2020-12-08,98.39678192138672,44.570884704589844,60.2624397277832,175.5,341.41162109375,67.85096740722656
2020-12-09,98.25474548339844,44.18536376953125,60.34591293334961,172.5,338.3494873046875,67.42972564697266
2020-12-10,98.49700164794922,44.7548828125,60.42938232421875,172.1699981689453,338.2388000488281,67.13565826416016
2020-12-11,98.60560607910156,44.439456939697266,60.24575424194336,172.49000549316406,337.8422546386719,67.07207489013672
2020-12-14,98.54708862304688,44.208412170410156,60.282833099365234,171.5399932861328,336.3297424316406,66.77799987792969
2020-12-15,98.60560607910156,44.68643569946289,60.898048400878906,173.94000244140625,340.8765869140625,68.14502716064453
2020-12-16,98.5638198852539,44.89889907836914,61.13402557373047,174.89999389648438,341.41162109375,68.22450256347656
2020-12-17,98.5596694946289,45.19102096557617,61.563838958740234,176.74000549316406,343.3208312988281,68.8841781616211
2020-12-18,98.50946044921875,45.13790512084961,61.24358367919922,176.44000244140625,341.9498596191406,67.50125885009766
2020-12-21,98.50946044921875,44.4739875793457,60.45981216430664,175.8800048828125,340.72735595703125,67.11974334716797
2020-12-22,98.65167236328125,44.11988830566406,60.3081169128418,174.49000549316406,340.1529846191406,67.58867645263672
2020-12-23,98.58475494384766,44.571353912353516,60.957054138183594,175.64999389648438,340.458740234375,67.15152740478516
2020-12-24,98.6767578125,44.376609802246094,60.98232650756836,176.35000610351562,341.7832336425781,67.73947143554688
2020-12-28,98.69348907470703,44.50053787231445,61.47956466674805,175.7100067138672,344.7193298339844,68.14324951171875
2020-12-29,98.71019744873047,45.164466857910156,61.87565612792969,176.35000610351562,344.061767578125,67.5617904663086
2020-12-30,98.76874542236328,45.76642608642578,61.959930419921875,177.6999969482422,344.55267333984375,67.93329620361328
2020-12-31,98.84398651123047,45.739864349365234,61.487979888916016,178.36000061035156,346.30322265625,68.5874252319336
2021-01-04,98.71853637695312,46.03199005126953,61.808231353759766,182.3300018310547,341.588623046875,66.3584976196289
2021-01-05,98.61821746826172,47.138526916503906,62.44873046875,182.8699951171875,343.9413757324219,66.45540618896484
2021-01-06,98.13313293457031,46.74016571044922,63.165069580078125,179.89999389648438,345.99755859375,66.5684585571289
2021-01-07,98.03277587890625,47.18278884887695,63.23249816894531,179.47999572753906,351.13818359375,66.43924713134766
2021-01-08,97.91566467285156,48.43095779418945,63.822444915771484,173.33999633789062,353.13885498046875,67.0853271484375
2021-01-11,97.75679016113281,47.77589416503906,62.98811340332031,173.0,350.75848388671875,66.1969985961914
2021-01-12,97.84044647216797,48.24506378173828,63.27463912963867,174.1199951171875,350.8326110839844,66.35041809082031
2021-01-13,98.14987182617188,48.35129165649414,63.190372467041016,173.3699951171875,351.7773742675781,67.15799713134766
2021-01-14,97.95748138427734,48.802764892578125,63.6960334777832,173.27999877929688,350.5455017089844,67.55371856689453
2021-01-15,98.057861328125,48.112281799316406,62.701560974121094,171.1300048828125,347.98907470703125,68.32898712158203
2021-01-19,98.1916732788086,48.908992767333984,63.15665817260742,172.5800018310547,350.721435546875,68.13516998291016
2021-01-20,98.20003509521484,49.767662048339844,63.586463928222656,175.38999938964844,355.5749816894531,69.43537902832031
2021-01-21,98.057861328125,49.85618209838867,63.63703536987305,175.27999877929688,355.89910888671875,69.10425567626953
2021-01-22,98.057861328125,49.422428131103516,63.33363723754883,173.89999389648438,354.63934326171875,69.26577758789062
2021-01-25,98.30876159667969,49.79421615600586,63.257774353027344,174.0500030517578,356.03802490234375,69.79070281982422
2021-01-26,98.27532958984375,49.431270599365234,63.35047912597656,173.6199951171875,355.48236083984375,70.2833251953125
2021-01-27,98.28368377685547,48.059165954589844,61.900936126708984,172.52000427246094,346.7941589355469,69.03965759277344
2021-01-28,98.21678924560547,48.39555358886719,62.29703140258789,172.67999267578125,349.7766418457031,69.41114044189453
2021-01-29,98.10801696777344,47.19164276123047,61.00761413574219,172.61000061035156,342.77423095703125,68.61165618896484
2021-02-01,98.20186614990234,48.466373443603516,61.73237609863281,174.22999572753906,348.4799499511719,70.17832946777344
2021-02-02,98.05109405517578,49.09488296508789,62.35603332519531,172.11000061035156,353.407470703125,70.59828186035156
2021-02-03,97.93379211425781,49.342750549316406,62.50773620605469,171.85000610351562,353.6854553222656,70.42060852050781
2021-02-04,97.89190673828125,49.36045455932617,62.57516098022461,168.14999389648438,357.7052917480469,70.90515899658203
2021-02-05,97.76629638671875,49.78536605834961,62.96282196044922,169.80999755859375,359.1131896972656,71.15552520751953
2021-02-08,97.86676788330078,49.873878479003906,63.401058197021484,171.52000427246094,361.7066650390625,71.54312896728516
2021-02-09,97.90868377685547,50.405025482177734,63.746604919433594,172.0800018310547,361.4657897949219,71.79350280761719
2021-02-10,98.00081634521484,50.582069396972656,63.52747344970703,172.7100067138672,361.3083801269531,72.18110656738281
2021-02-11,97.88355255126953,51.122066497802734,63.95728302001953,171.2100067138672,361.891845703125,72.33456420898438
2021-02-12,97.6573715209961,51.16632080078125,64.31122589111328,170.69000244140625,363.6795959472656,72.3507080078125
2021-02-16,97.19661712646484,51.29025650024414,64.77476501464844,168.24000549316406,363.36456298828125,71.79350280761719
2021-02-17,97.38929748535156,51.30795669555664,64.39552307128906,166.3300018310547,363.447998046875,71.70465850830078
2021-02-18,97.33905029296875,50.59978103637695,64.07526397705078,166.32000732421875,361.9011535644531,71.39778137207031
2021-02-19,97.0374755859375,50.927310943603516,64.26066589355469,167.00999450683594,361.2620849609375,71.80963897705078
2021-02-22,96.73589324951172,49.431270599365234,64.10054779052734,169.50999450683594,358.48333740234375,72.40725708007812
2021-02-23,96.76102447509766,49.652584075927734,64.1595458984375,169.1199951171875,358.9186706542969,72.8594970703125
2021-02-24,96.72754669189453,49.33389663696289,64.3617935180664,169.0,362.873779296875,73.4167251586914
2021-02-25,95.839599609375,48.209659576416016,63.266212463378906,165.82000732421875,354.12994384765625,72.01153564453125
2021-02-26,96.6186294555664,47.56343460083008,62.372894287109375,161.80999755859375,352.3052673339844,70.96167755126953
2021-03-01,96.56831359863281,48.838165283203125,63.5443229675293,161.52999877929688,360.84527587890625,71.27664947509766
2021-03-02,96.5850601196289,48.360145568847656,63.476905822753906,162.41000366210938,358.0293884277344,70.59022521972656
2021-03-03,96.2326431274414,48.26277542114258,63.089229583740234,160.6199951171875,353.287109375,70.18640899658203
2021-03-04,95.95575714111328,47.138526916503906,62.49087905883789,159.0399932861328,348.9152526855469,69.38692474365234
2021-03-05,95.88865661621094,47.65196228027344,62.895408630371094,159.13999938964844,355.33416748046875,70.14602661132812
2021-03-08,95.51107025146484,46.368377685546875,62.6762809753418,157.49000549316406,353.5650329589844,70.751708984375
2021-03-09,95.87186431884766,47.38638687133789,63.519046783447266,160.83999633789062,358.6130065917969,71.22010040283203
2021-03-10,96.03128814697266,47.17394256591797,63.78873062133789,161.66000366210938,360.84527587890625,71.93077850341797
2021-03-11,96.02290344238281,48.66111755371094,64.1258316040039,161.52000427246094,364.50390625,72.7706527709961
2021-03-12,95.47752380371094,47.793601989746094,64.28594970703125,161.49000549316406,364.99481201171875,73.9901123046875
2021-03-15,95.57821655273438,47.90867614746094,64.33650970458984,162.1999969482422,367.17156982421875,75.08841705322266
2021-03-16,95.54461669921875,48.112281799316406,64.44608306884766,162.35000610351562,366.7083435058594,74.7815170288086
2021-03-17,95.5362548828125,48.17424011230469,64.82532501220703,163.50999450683594,367.95880126953125,74.84613800048828
2021-03-18,95.16703796386719,47.28901672363281,64.23538970947266,162.55999755859375,362.6051330566406,74.08702087402344
2021-03-19,95.24256896972656,47.87327194213867,64.41238403320312,163.24000549316406,361.93414306640625,73.07752990722656
2021-03-22,95.42715454101562,47.731624603271484,64.47135925292969,163.0,364.8242492675781,73.59439849853516
2021-03-23,95.67049407958984,46.819847106933594,63.57803726196289,161.80999755859375,361.95281982421875,73.48941040039062
2021-03-24,95.7879867553711,45.748714447021484,63.257774353027344,162.3699951171875,360.11285400390625,73.07752990722656
2021-03-25,95.73763275146484,45.96117401123047,63.729740142822266,161.77999877929688,362.13861083984375,73.82160186767578
2021-03-26,95.57821655273438,47.15623092651367,64.55564880371094,162.24000549316406,367.97442626953125,75.41370391845703
2021-03-29,95.41877746582031,46.828697204589844,64.30281829833984,160.30999755859375,367.7886047363281,74.97505950927734
2021-03-30,95.49427032470703,46.979183197021484,64.21853637695312,157.57000732421875,366.8128356933594,75.0725326538086
2021-03-31,95.51107025146484,47.21819305419922,63.9404182434082,159.9600067138672,368.2998046875,74.61766052246094
2021-04-01,95.83209991455078,47.67852020263672,64.77476501464844,161.97999572753906,372.2769775390625,75.97418212890625
2021-04-05,95.63880157470703,47.86441421508789,65.71865844726562,161.9199981689453,377.6203308105469,76.26661682128906
2021-04-06,95.97492980957031,48.12998580932617,65.0191650390625,163.22000122070312,377.39727783203125,76.46155548095703
2021-04-07,95.8237075805664,47.42180633544922,65.15399932861328,162.75999450683594,377.83404541015625,76.51842498779297
2021-04-08,96.0589599609375,47.81129455566406,65.52481842041016,164.50999450683594,379.6275634765625,76.234130859375
2021-04-09,95.94971466064453,47.40408706665039,65.72708892822266,163.27000427246094,382.38751220703125,76.144775390625
2021-04-12,95.92449951171875,47.12081527709961,65.36468505859375,162.27999877929688,382.5269775390625,76.59154510498047
2021-04-13,96.20182037353516,47.315574645996094,65.74394226074219,163.42999267578125,383.6606140136719,76.97330474853516
2021-04-14,96.1261978149414,47.55458068847656,65.79450988769531,162.72000122070312,382.3503723144531,76.5671615600586
2021-04-15,96.50432586669922,47.988346099853516,66.34228515625,165.35000610351562,386.457763671875,77.90748596191406
2021-04-16,96.25223541259766,48.112281799316406,66.82268524169922,166.35000610351562,387.74945068359375,78.07804107666016
2021-04-19,96.17662048339844,47.93523406982422,66.7046890258789,165.88999938964844,385.8444519042969,78.23237609863281
2021-04-20,96.32785034179688,47.54573440551758,65.50796508789062,166.47999572753906,383.0195007324219,78.87409210205078
2021-04-21,96.42031860351562,47.83785629272461,66.18218231201172,168.1300048828125,386.64361572265625,79.39395904541016
2021-04-22,96.44551086425781,47.66967010498047,65.96305084228516,167.0399932861328,383.1123046875,78.96343994140625
2021-04-23,96.4287109375,48.360145568847656,66.63726806640625,166.39999389648438,387.2662048339844,79.42646026611328
2021-04-26,96.34468841552734,48.42211151123047,66.6878433227539,166.83999633789062,388.0747375488281,79.6620101928711
2021-04-27,96.10939025878906,48.39555358886719,66.46871185302734,166.4199981689453,387.9909973144531,79.65388488769531
2021-04-28,96.15983581542969,48.75849914550781,66.63726806640625,166.91000366210938,387.87945556640625,79.48332977294922
2021-04-29,96.10939025878906,48.64341735839844,66.66255187988281,166.22000122070312,390.3514709472656,80.1656494140625
2021-04-30,96.21024322509766,47.78474807739258,65.8282241821289,165.66000366210938,387.7866516113281,80.48243713378906
2021-05-03,96.27167510986328,47.78474807739258,66.552978515625,167.80999755859375,388.62298583984375,80.32809448242188
2021-05-04,96.38949584960938,47.2447509765625,65.56696319580078,166.5800018310547,386.2254638671875,79.8082275390625
2021-05-05,96.46524047851562,47.466064453125,66.46028900146484,167.27000427246094,386.3462219238281,78.48419189453125
2021-05-06,96.4820327758789,47.91753005981445,67.0080795288086,170.05999755859375,389.4314880371094,78.9228286743164
2021-05-07,96.4568099975586,48.41325759887695,67.76657104492188,171.58999633789062,392.2657470703125,79.96259307861328
2021-05-10,96.30535125732422,47.54573440551758,67.40418243408203,172.11000061035156,388.38134765625,79.93819427490234
2021-05-11,96.09490966796875,47.41295623779297,66.51927947998047,172.13999938964844,384.9151916503906,78.93095397949219
2021-05-12,95.7582778930664,46.102813720703125,65.45738220214844,170.42999267578125,376.737548828125,76.93269348144531
2021-05-13,95.97712707519531,46.04083251953125,65.9461898803711,171.1300048828125,381.26312255859375,77.93183135986328
2021-05-14,96.1959228515625,46.872962951660156,67.05021667480469,172.69000244140625,387.11749267578125,78.85784149169922
2021-05-17,96.11175537109375,46.828697204589844,66.92381286621094,174.6999969482422,386.13250732421875,78.93907165527344
2021-05-18,95.99393463134766,47.457210540771484,67.06707763671875,175.0399932861328,382.80572509765625,78.955322265625
2021-05-19,95.85929107666016,47.315574645996094,66.4771499633789,175.16000366210938,381.8020324707031,78.7035140991211
2021-05-20,96.18750762939453,47.58999252319336,67.3536148071289,175.9600067138672,385.9095153808594,79.58891296386719
2021-05-21,96.22958374023438,47.0411491394043,67.44631958007812,176.0399932861328,385.5935363769531,79.50767517089844
2021-05-24,96.32215881347656,47.43065643310547,67.8592758178711,176.35000610351562,389.5243225097656,80.49869537353516
2021-05-25,96.55781555175781,47.89982604980469,67.87612915039062,177.9499969482422,388.6601257324219,80.47432708740234
2021-05-26,96.524169921875,48.2539176940918,67.83399200439453,177.63999938964844,389.4314880371094,80.83173370361328
2021-05-27,96.40633392333984,48.26277542114258,67.96039581298828,177.7100067138672,389.6358337402344,80.6448974609375
2021-05-28,96.40633392333984,48.572601318359375,68.12053680419922,178.3800048828125,390.3327941894531,81.13227081298828
2021-06-01,96.36165618896484,49.57291030883789,68.36492156982422,177.89999389648438,389.9890441894531,82.59441375732422
2021-06-02,96.48805236816406,49.652584075927734,68.59248352050781,178.77000427246094,390.60235595703125,83.5610580444336
2021-06-03,96.260498046875,49.12144088745117,68.25536346435547,175.27000427246094,389.15264892578125,83.25238800048828
2021-06-04,96.65664672851562,49.56406021118164,68.83688354492188,177.16000366210938,392.7117614746094,83.29298400878906
2021-06-07,96.5892105102539,49.316192626953125,69.06442260742188,177.8699951171875,392.3307800292969,84.27587890625
2021-06-08,96.76620483398438,49.077178955078125,69.03070831298828,177.32000732421875,392.41436767578125,84.97444915771484
2021-06-09,96.96002960205078,48.93553924560547,68.84529876708984,176.97999572753906,391.8289489746094,85.08815002441406
2021-06-10,97.1623306274414,49.327640533447266,69.03496551513672,177.74000549316406,393.6502990722656,85.6973876953125
2021-06-11,97.12020874023438,49.15870666503906,69.197265625,175.74000549316406,394.3009338378906,85.35623168945312
2021-06-14,96.87579345703125,49.29207229614258,69.31686401367188,174.7100067138672,395.1837158203125,85.68927001953125
2021-06-15,96.91790008544922,48.954219818115234,69.40229034423828,174.0500030517578,394.4588623046875,84.77137756347656
2021-06-16,96.6060791015625,48.28738784790039,68.97514343261719,171.11000061035156,392.2564697265625,84.21900177001953
2021-06-17,96.90949249267578,48.55411911010742,68.49676513671875,165.85000610351562,392.1263427734375,84.1134262084961
2021-06-18,97.17076110839844,48.21625518798828,67.07862854003906,164.92999267578125,386.8363952636719,82.68377685546875
2021-06-21,96.91790008544922,48.420753479003906,67.95856475830078,166.9499969482422,392.3743896484375,84.38960266113281
2021-06-22,97.01904296875,48.19847106933594,67.96708679199219,166.25,394.4720458984375,83.95095825195312
2021-06-23,96.96852111816406,48.49188232421875,67.53141021728516,166.13999938964844,393.99664306640625,83.80472564697266
2021-06-24,97.00222778320312,48.93643569946289,68.1806640625,166.0399932861328,396.3273620605469,83.62393188476562
2021-06-25,96.808349609375,49.345420837402344,68.3259048461914,166.58999633789062,397.7351379394531,84.18841552734375
2021-06-28,97.08650970458984,49.38987731933594,67.89021301269531,166.5800018310547,398.5369567871094,83.9429931640625
2021-06-29,97.13709259033203,49.354312896728516,67.90729522705078,164.8300018310547,398.75140380859375,83.71394348144531
2021-06-30,97.20448303222656,49.034236907958984,67.38618469238281,165.6300048828125,399.0870056152344,83.27216339111328
2021-07-01,97.1504898071289,48.75861358642578,67.54850006103516,166.1999969482422,401.29656982421875,83.63212585449219
2021-07-02,97.3614730834961,48.705265045166016,67.77915954589844,167.2899932861328,404.3639831542969,83.8857192993164
2021-07-06,97.6737289428711,47.85172653198242,67.3349380493164,168.1199951171875,403.62744140625,84.49928283691406
2021-07-07,97.84253692626953,47.798377990722656,67.70227813720703,168.75999450683594,405.0538330078125,84.79379272460938
2021-07-08,97.9522933959961,46.802574157714844,66.83090209960938,168.64999389648438,401.75341796875,84.55656433105469
2021-07-09,97.63155364990234,47.61166000366211,67.96708679199219,169.2100067138672,406.0420227050781,85.94729614257812
2021-07-12,97.57247161865234,47.65612030029297,68.25756072998047,169.0,407.4964904785156,86.68356323242188
2021-07-13,97.3614730834961,47.70057678222656,67.89877319335938,169.22000122070312,406.10736083984375,85.47278594970703
2021-07-14,97.69062805175781,47.90507507324219,68.05252838134766,171.0399932861328,406.71331787109375,86.06999206542969
2021-07-15,97.90162658691406,48.020652770996094,67.40327453613281,171.07000732421875,405.3241882324219,86.20906829833984
2021-07-16,97.81722259521484,47.6472282409668,66.90778350830078,169.41000366210938,402.1451110839844,86.15178680419922
2021-07-19,98.3320541381836,46.84703063964844,65.69470977783203,169.61000061035156,396.2061767578125,84.58110046386719
2021-07-20,98.23918914794922,46.9981803894043,66.17308807373047,169.38999938964844,401.8839111328125,86.57720947265625
2021-07-21,97.91850280761719,47.300472259521484,67.18115997314453,168.75999450683594,405.1376953125,86.56900787353516
2021-07-22,98.14635467529297,47.38938522338867,67.206787109375,169.08999633789062,405.9861755371094,85.88185119628906
2021-07-23,98.0788345336914,46.68699645996094,67.67664337158203,168.55999755859375,410.1629638671875,86.59357452392578
2021-07-26,97.99443817138672,45.79788589477539,67.77061462402344,168.16000366210938,411.1698303222656,86.63447570800781
2021-07-27,98.2223129272461,44.87321472167969,67.49724578857422,168.44000244140625,409.2959289550781,87.12532043457031
2021-07-28,98.31519317626953,46.09128952026367,67.78770446777344,169.2899932861328,409.1280517578125,86.82263946533203
2021-07-29,98.15481567382812,46.32245635986328,68.25756072998047,171.1699981689453,410.8249206542969,86.83899688720703
2021-07-30,98.28985595703125,45.877899169921875,67.90729522705078,169.82000732421875,408.8297424316406,86.9535140991211
2021-08-02,98.49861907958984,46.206878662109375,68.24900817871094,169.61000061035156,407.9719543457031,86.7653579711914
2021-08-03,98.5324478149414,46.40248107910156,68.7359619140625,169.49000549316406,411.291015625,86.87171936035156
2021-08-04,98.52396392822266,46.64253616333008,68.53093719482422,169.52999877929688,409.26788330078125,86.60174560546875
2021-08-05,98.30421447753906,46.571407318115234,68.86409759521484,168.86000061035156,411.8597717285156,87.61618041992188
2021-08-06,97.86475372314453,46.180198669433594,68.60782623291016,164.63999938964844,412.5403747558594,87.46072387695312
2021-08-09,97.68721771240234,46.33135986328125,68.57363891601562,161.72000122070312,412.2046813964844,86.99441528320312
2021-08-10,97.56044006347656,46.393592834472656,68.7274169921875,161.77000427246094,412.71746826171875,86.16815948486328
2021-08-11,97.6534423828125,46.518062591552734,69.197265625,164.0,413.74298095703125,86.67536926269531
2021-08-12,97.6618881225586,46.10907745361328,69.1374740600586,164.0399932861328,414.98297119140625,86.86351776123047
2021-08-13,98.016845703125,45.99349594116211,69.55606842041016,166.38999938964844,415.7381896972656,87.3380126953125
2021-08-16,98.06758117675781,45.57560348510742,69.197265625,167.22000122070312,416.7171936035156,87.2316665649414
2021-08-17,97.99150848388672,44.739845275878906,68.54801177978516,166.97000122070312,413.9853515625,87.14167022705078
2021-08-18,97.99993896484375,44.81098175048828,68.2831802368164,167.10000610351562,409.45440673828125,86.34814453125
2021-08-19,98.16899871826172,44.04634475708008,67.60829162597656,166.61000061035156,410.0883483886719,86.7653579711914
2021-08-20,98.17745971679688,44.01078414916992,67.87312316894531,166.6999969482422,413.3514404296875,87.1989517211914
2021-08-23,98.17745971679688,44.6776123046875,68.50528717041016,168.72999572753906,416.9875183105469,87.03533935546875
2021-08-24,98.03375244140625,45.69119644165039,68.6505126953125,168.64999389648438,417.6494140625,86.65084075927734
2021-08-25,97.8478012084961,45.74454116821289,68.6761474609375,167.47999572753906,418.5257873535156,86.59357452392578
2021-08-26,97.85626220703125,45.308876037597656,68.31735229492188,167.6699981689453,416.0551452636719,86.62628173828125
2021-08-27,98.12672424316406,45.8690185546875,68.94098663330078,170.19000244140625,419.7750549316406,87.53437042236328
2021-08-30,98.23661804199219,45.966819763183594,68.92390441894531,169.35000610351562,421.6211242675781,88.40969848632812
2021-08-31,98.09294891357422,46.598079681396484,68.88972473144531,169.69000244140625,420.9964294433594,88.826904296875
2021-09-01,98.1242446899414,47.193782806396484,69.51335144042969,169.6999969482422,421.2201232910156,90.25035858154297
2021-09-02,98.22583770751953,46.98040008544922,69.79527282714844,169.25,422.5161437988281,90.724853515625
2021-09-03,98.05653381347656,47.229347229003906,70.11135864257812,171.05999755859375,422.4135437011719,90.74122619628906
2021-09-07,97.7941665649414,47.50496292114258,70.16260528564453,167.7100067138672,420.9031982421875,89.71861267089844
2021-09-08,97.95494842529297,46.81146240234375,69.6073226928711,167.2899932861328,420.39044189453125,90.16856384277344
2021-09-09,98.26813507080078,46.722557067871094,69.48772430419922,168.02999877929688,418.5910339355469,88.33607482910156
2021-09-10,98.07344818115234,46.66921615600586,69.33396911621094,167.17999267578125,415.2906188964844,87.04350280761719
2021-09-13,98.20040893554688,46.79368591308594,69.88069915771484,167.74000549316406,416.353515625,87.63252258300781
2021-09-14,98.42047882080078,46.40248107910156,69.59024047851562,168.82000732421875,414.106689453125,87.47708892822266
2021-09-15,98.32734680175781,46.393592834472656,69.79527282714844,167.8300018310547,417.5655212402344,87.75523376464844
2021-09-16,98.15809631347656,45.8690185546875,69.68421173095703,164.02999877929688,416.90362548828125,87.82884979248047
2021-09-17,98.07344818115234,45.67340850830078,68.77012634277344,163.77000427246094,412.8424377441406,87.04350280761719
2021-09-20,98.25965118408203,44.446441650390625,67.49724578857422,164.94000244140625,405.9586181640625,86.51176452636719
2021-09-21,98.302001953125,44.775413513183594,68.16358184814453,166.0399932861328,405.5751647949219,86.55268096923828
2021-09-22,98.3358154296875,45.33555221557617,68.50528717041016,165.4199981689453,409.5314636230469,87.39527893066406
2021-09-23,97.85338592529297,45.69119644165039,69.24852752685547,163.50999450683594,414.5073547363281,87.22348022460938
2021-09-24,97.68411254882812,45.148841857910156,68.59928131103516,163.3000030517578,415.1901550292969,86.29084777832031
2021-09-27,97.5486831665039,45.44224548339844,68.55656433105469,163.63999938964844,414.0023193359375,85.13021087646484
2021-09-28,97.14237976074219,44.855438232421875,67.06156158447266,162.0500030517578,405.659423828125,84.55400848388672
2021-09-29,97.21012115478516,44.43755340576172,66.90778350830078,161.32000732421875,406.3421936035156,85.18782806396484
2021-09-30,97.19319915771484,44.79319763183594,66.6429443359375,164.22000122070312,401.3757019042969,83.78025817871094
2021-10-01,97.48992156982422,44.748741149902344,66.80525970458984,164.58999633789062,406.1457214355469,84.96558380126953
2021-10-04,97.4220962524414,44.090797424316406,66.1047592163086,165.36000061035156,400.9080505371094,84.98204040527344
2021-10-05,97.19319152832031,44.4019889831543,66.55753326416016,164.58999633789062,405.0794677734375,84.39761352539062
2021-10-06,97.23555755615234,44.153038024902344,66.11329650878906,165.02999877929688,406.7629699707031,85.20429992675781
2021-10-07,96.96426391601562,45.015472412109375,66.62586975097656,164.16000366210938,410.2797546386719,85.4347915649414
2021-10-08,96.75240325927734,45.18440628051758,66.6173324584961,164.22999572753906,409.5314636230469,84.62808990478516
2021-10-11,96.5997543334961,45.09549331665039,66.40374755859375,163.9199981689453,406.5665588378906,84.84210205078125
2021-10-12,96.9558334350586,44.864322662353516,66.43791961669922,164.66000366210938,405.5657958984375,85.95335388183594
2021-10-13,97.17622375488281,45.486698150634766,67.09574890136719,167.58999633789062,407.02490234375,86.5789566040039
2021-10-14,97.36274719238281,45.62895202636719,67.7620620727539,168.0,413.87139892578125,87.6325912475586
2021-10-15,97.12538146972656,46.180198669433594,68.3259048461914,165.3300018310547,417.0233154296875,87.56674194335938
2021-10-18,97.05754852294922,46.06461715698242,68.03544616699219,164.9199981689453,418.2579040527344,87.7889633178711
2021-10-19,96.77778625488281,46.6781005859375,68.44550323486328,165.4499969482422,421.4847106933594,87.83015441894531
2021-10-20,96.7099838256836,46.66921615600586,68.68470001220703,166.89999389648438,423.1401672363281,89.2130355834961
2021-10-21,96.50651550292969,46.36691665649414,68.36006927490234,166.75,424.24383544921875,89.33650207519531
2021-10-22,96.69300842285156,46.26911544799805,68.77012634277344,167.77000427246094,423.80426025390625,89.75631713867188
2021-10-25,96.7862777709961,46.50917053222656,68.63343048095703,168.92999267578125,426.0770263671875,90.04442596435547
2021-10-26,96.96426391601562,46.26911544799805,68.77012634277344,167.67999267578125,426.4604797363281,90.29136657714844
2021-10-27,97.28644561767578,45.89569091796875,68.49676513671875,168.1199951171875,424.5711975097656,89.52583312988281
2021-10-28,97.21014404296875,45.94014358520508,69.1631088256836,168.0800018310547,428.6678161621094,90.77703857421875
2021-10-29,97.18468475341797,45.273311614990234,68.76158142089844,166.64999389648438,429.53765869140625,89.75631713867188
2021-11-01,97.1252670288086,45.62895202636719,69.42793273925781,167.52000427246094,430.2765197753906,90.2008285522461
2021-11-02,97.320556640625,45.219966888427734,69.28269958496094,167.16000366210938,432.0161437988281,90.62886810302734
2021-11-03,97.1252670288086,45.433345794677734,69.84651947021484,165.77000427246094,434.65374755859375,90.93343353271484
2021-11-04,97.44790649414062,45.32666015625,69.80381774902344,167.64999389648438,436.7020568847656,90.0691146850586
2021-11-05,97.83000183105469,45.273311614990234,69.90632629394531,169.83999633789062,438.21722412109375,90.53008270263672
2021-11-08,97.6517105102539,45.69119644165039,69.8978042602539,170.4499969482422,438.5914001464844,90.45598602294922
2021-11-09,97.92341613769531,45.51336669921875,69.74402618408203,171.2899932861328,437.1416015625,90.6124038696289
2021-11-10,97.26111602783203,45.32666015625,68.89828491210938,173.14999389648438,433.62493896484375,90.19258117675781
2021-11-11,97.08279418945312,46.10907745361328,69.1460189819336,174.1199951171875,433.7652282714844,90.34074401855469
2021-11-12,97.06582641601562,46.233543395996094,69.52189636230469,174.4499969482422,437.0387878417969,90.27489471435547
2021-11-15,96.70923614501953,46.082401275634766,69.39376068115234,174.17999267578125,437.1884460449219,90.90872955322266
2021-11-16,96.67527770996094,46.1446418762207,69.23999786376953,172.9199981689453,438.91876220703125,90.30780029296875
2021-11-17,96.90454864501953,45.904579162597656,69.15455627441406,174.5,437.85247802734375,90.58771514892578
2021-11-18,96.98943328857422,45.34444046020508,69.22289276123047,173.94000244140625,439.339599609375,90.60416412353516
2021-11-19,97.17622375488281,45.273311614990234,68.63343048095703,172.61000061035156,438.5539855957031,90.0691146850586
2021-11-22,96.70923614501953,44.908775329589844,68.23193359375,168.74000549316406,437.31939697265625,89.62459564208984
2021-11-23,96.3271255493164,44.864322662353516,68.16358184814453,167.27999877929688,437.8992919921875,90.3489990234375
2021-11-24,96.54788208007812,44.80208206176758,67.71080780029297,167.1199951171875,439.0683898925781,91.44377136230469
2021-11-26,97.23562622070312,43.29949951171875,65.89117431640625,166.85000610351562,429.2757568359375,88.90025329589844
2021-11-29,97.2865982055664,43.468421936035156,66.22434997558594,166.6199951171875,434.54150390625,89.55876922607422
2021-11-30,97.44790649414062,43.42396926879883,65.64344024658203,165.5,426.0863952636719,87.86308288574219
2021-12-01,97.46661376953125,43.58401107788086,65.26756286621094,166.16000366210938,421.353759765625,86.41433715820312
2021-12-02,97.44962310791016,44.11747360229492,66.07911682128906,165.24000549316406,427.807373046875,89.00723266601562
2021-12-03,97.84071350097656,43.495094299316406,65.80574798583984,166.6300048828125,424.0849304199219,88.71090698242188
2021-12-06,97.5006332397461,43.83296203613281,66.43791961669922,166.22000122070312,429.1073303222656,90.26668548583984
2021-12-07,97.34760284423828,44.526466369628906,67.83895874023438,166.80999755859375,437.9834289550781,91.5672607421875
2021-12-08,97.09251403808594,44.70428466796875,67.96708679199219,166.89999389648438,439.1431884765625,92.22576904296875
2021-12-09,97.10099792480469,44.49089813232422,67.40327453613281,165.8800048828125,436.1783142089844,90.89228057861328
2021-12-10,97.12652587890625,44.526466369628906,67.54850006103516,166.5800018310547,440.2842712402344,91.17213439941406
2021-12-13,97.46661376953125,43.82032775878906,66.91575622558594,167.0,436.38409423828125,92.0282211303711
2021-12-14,97.27957153320312,43.72112274169922,66.55941009521484,165.44000244140625,433.3817138671875,90.8510971069336
2021-12-15,97.2030258178711,43.59486770629883,67.46332550048828,166.14999389648438,440.1533203125,92.12698364257812
2021-12-16,97.33665466308594,43.64897537231445,67.47200012207031,168.16000366210938,436.2717590332031,92.09406280517578
2021-12-17,97.45581817626953,43.43252944946289,66.62024688720703,167.8000030517578,431.628662109375,91.97881317138672
2021-12-20,97.3111343383789,42.783203125,66.47249603271484,167.08999633789062,427.03900146484375,91.26268768310547
2021-12-21,97.23455047607422,43.50468826293945,67.21125793457031,167.02000427246094,434.6227111816406,92.29161834716797
2021-12-22,97.31959533691406,43.71210861206055,67.83706665039062,168.58999633789062,438.9684753417969,93.23824310302734
2021-12-23,97.20050048828125,43.937564849853516,68.23686218261719,168.97000122070312,441.69976806640625,93.13948059082031
2021-12-27,97.2515640258789,44.135963439941406,68.76705169677734,169.3699951171875,447.95074462890625,94.72063446044922
2021-12-28,97.20902252197266,43.99167251586914,68.79312896728516,168.63999938964844,447.58465576171875,95.06961822509766
2021-12-29,96.91961669921875,43.793270111083984,68.76705169677734,168.58999633789062,448.1572265625,95.70938110351562
2021-12-30,97.1324234008789,44.29495620727539,68.58676147460938,169.8000030517578,446.9182434082031,96.12484741210938
2021-12-31,97.09835052490234,44.078399658203125,68.52578735351562,170.9600067138672,445.7919006347656,96.39070129394531
2022-01-03,96.43447875976562,44.39421463012695,68.96997833251953,168.3300018310547,448.3730163574219,95.63460540771484
2022-01-04,96.42593383789062,44.240814208984375,69.36190032958984,169.57000732421875,448.2228698730469,95.51828002929688
2022-01-05,96.12806701660156,43.51896286010742,68.75224304199219,169.05999755859375,439.61602783203125,92.78467559814453
2022-01-06,96.0259017944336,43.71748352050781,68.40387725830078,166.99000549316406,439.2030334472656,92.86775970458984
2022-01-07,95.74503326416016,44.11449432373047,68.60417175292969,167.75,437.4667053222656,92.25292205810547
2022-01-10,95.6599349975586,44.11449432373047,67.96839904785156,168.25999450683594,436.9223327636719,91.72115325927734
2022-01-11,95.83865356445312,45.134124755859375,68.70869445800781,170.2899932861328,440.9018249511719,91.8624038696289
2022-01-12,95.83865356445312,45.88304901123047,69.37932586669922,170.74000549316406,442.0939025878906,91.97042083740234
2022-01-13,96.00890350341797,45.233375549316406,68.8741683959961,170.16000366210938,436.0024719238281,91.78761291503906
2022-01-14,95.4726791381836,45.21533203125,68.80449676513672,169.6699981689453,436.1807861328125,90.95674133300781
2022-01-18,94.89387512207031,44.41225814819336,67.79420471191406,169.38999938964844,428.4562072753906,90.001220703125
2022-01-19,95.0981674194336,44.60175323486328,67.73323822021484,172.0800018310547,424.00726318359375,88.78813171386719
2022-01-20,95.14922332763672,44.863426208496094,67.40228271484375,171.64999389648438,419.3143615722656,87.64982604980469
2022-01-21,95.52375030517578,44.21375274658203,66.48778533935547,171.08999633789062,411.0829162597656,87.43379974365234
2022-01-24,95.41307067871094,43.59115219116211,65.82588195800781,172.02999877929688,412.82867431640625,87.5999755859375
2022-01-25,95.31942749023438,43.50994110107422,65.42523956298828,172.5800018310547,407.7885437011719,87.25101470947266
2022-01-26,94.78324127197266,42.95952224731445,65.17266845703125,169.7899932861328,406.7654724121094,85.88835906982422
2022-01-27,95.0981674194336,42.46324920654297,64.86784362792969,167.60000610351562,404.7568359375,84.46753692626953
2022-01-28,95.16627502441406,42.67078399658203,65.08557891845703,167.10000610351562,414.80908203125,87.20114135742188
2022-01-31,95.15774536132812,44.06938171386719,66.03489685058594,168.08999633789062,422.2802734375,88.27298736572266
2022-02-01,95.12447357177734,44.3400764465332,66.66197204589844,168.22999572753906,425.13360595703125,87.9572525024414
2022-02-02,95.22679901123047,44.26789093017578,67.15841674804688,168.83999633789062,429.26336669921875,89.07894134521484
2022-02-03,94.84323120117188,43.79868698120117,66.09587097167969,168.60000610351562,419.17352294921875,88.1317367553711
2022-02-04,94.24657440185547,43.90695571899414,66.25263214111328,168.86000061035156,421.1446228027344,87.25931549072266
2022-02-07,94.33180236816406,43.816734313964844,66.36585235595703,170.11000061035156,419.7930908203125,87.13468933105469
2022-02-08,94.04200744628906,44.240814208984375,66.70552062988281,170.6300048828125,423.2470397949219,86.7275390625
2022-02-09,94.10165405273438,44.93560791015625,67.78548431396484,171.2100067138672,429.44171142578125,88.68842315673828
2022-02-10,93.23225402832031,44.637840270996094,66.92325592041016,170.55999755859375,421.7265319824219,86.59461212158203
2022-02-11,93.845947265625,43.96110153198242,65.91297149658203,173.80999755859375,413.41064453125,85.8052749633789
2022-02-14,93.3004150390625,43.654319763183594,65.4862060546875,174.74000549316406,412.0591125488281,85.02423095703125
2022-02-15,93.14698791503906,44.60175323486328,66.6881103515625,173.0800018310547,418.704345703125,85.78865814208984
2022-02-16,93.2578125,44.92658615112305,66.94068145751953,174.86000061035156,419.17352294921875,86.18748474121094
2022-02-17,93.45386505126953,44.40324020385742,65.86071014404297,177.25,410.2194519042969,85.27349853515625
2022-02-18,93.64991760253906,43.96110153198242,65.5820083618164,177.1199951171875,407.563232421875,84.75836944580078
2022-02-22,93.54759216308594,43.3385009765625,64.81558227539062,177.49000549316406,403.18939208984375,84.45093536376953
2022-02-23,93.12993621826172,42.83320236206055,64.2843017578125,178.2899932861328,396.037353515625,83.05504608154297
2022-02-24,93.3004150390625,41.94892883300781,63.42206954956055,177.13999938964844,401.9974060058594,84.45093536376953
2022-02-25,93.39419555664062,42.72491455078125,65.00717163085938,176.5500030517578,410.8669738769531,86.48658752441406
2022-02-28,94.06757354736328,42.16548156738281,63.770442962646484,178.3800048828125,409.8158874511719,85.19873046875
2022-03-01,94.59764862060547,41.60604476928711,62.3769416809082,181.6199951171875,403.5741882324219,84.75004577636719
2022-03-02,93.46234893798828,41.678226470947266,63.160797119140625,179.72999572753906,410.9985046386719,86.33704376220703
2022-03-03,93.7781982421875,41.09172058105469,61.915340423583984,180.8000030517578,408.95233154296875,87.04327392578125
2022-03-04,94.15377044677734,40.26158142089844,60.121192932128906,183.67999267578125,405.6297302246094,87.4421157836914
2022-03-07,93.60743713378906,38.75470733642578,58.21383285522461,186.41000366210938,393.672119140625,85.71387481689453
2022-03-08,93.27456665039062,38.88103485107422,58.71897506713867,191.50999450683594,390.6874084472656,85.29842376708984
2022-03-09,93.07823181152344,39.98186111450195,61.17502975463867,185.82000732421875,401.1620178222656,86.6112060546875
2022-03-10,92.5575180053711,39.23293685913086,60.44343948364258,186.39999389648438,399.35052490234375,86.8272476196289
2022-03-11,92.54048156738281,38.41182327270508,59.79023361206055,185.08999633789062,394.2728576660156,86.13761138916016
2022-03-14,91.64415740966797,37.48243713378906,60.33892822265625,182.3000030517578,391.3913879394531,85.46460723876953
2022-03-15,91.84901428222656,37.53657150268555,60.91374588012695,178.88999938964844,399.99822998046875,86.03791046142578
2022-03-16,91.91729736328125,40.559356689453125,63.09981155395508,180.00999450683594,408.86785888671875,87.05990600585938
2022-03-17,92.07096099853516,40.3518180847168,63.63109588623047,180.88999938964844,413.983154296875,88.40594482421875
2022-03-18,92.27582550048828,40.92930221557617,64.24946594238281,179.3000030517578,418.5174560546875,88.40594482421875
2022-03-21,91.3709945678711,40.29767608642578,63.84882354736328,180.6699981689453,418.3950500488281,87.8658676147461
2022-03-22,91.12347412109375,41.02855682373047,64.44979095458984,179.36000061035156,423.2909240722656,88.09019470214844
2022-03-23,91.49903106689453,40.75786209106445,63.613677978515625,181.80999755859375,417.839599609375,87.10188293457031
2022-03-24,91.294189453125,40.97441864013672,64.20592498779297,183.1300048828125,424.1382141113281,87.65325164794922
2022-03-25,90.56858825683594,40.64958190917969,64.24075317382812,182.3800048828125,426.20953369140625,88.74766540527344
2022-03-28,90.79054260253906,40.78493118286133,64.03172302246094,179.05999755859375,429.2411193847656,89.69170379638672
2022-03-29,91.21733856201172,41.47972106933594,65.45136260986328,179.13999938964844,434.55126953125,92.32333374023438
2022-03-30,91.46488189697266,41.3624153137207,65.1813735961914,180.5800018310547,431.8680114746094,91.65496826171875
2022-03-31,91.42221069335938,40.73981475830078,64.10140228271484,180.64999389648438,425.220947265625,90.53551483154297
2022-04-01,91.25980377197266,41.416561126708984,64.7023696899414,179.5,426.4260559082031,92.29826354980469
2022-04-04,91.33670806884766,42.14744186401367,64.96363830566406,180.3699951171875,430.0791320800781,91.84712219238281
2022-04-05,90.41341400146484,41.371437072753906,64.08399200439453,179.24000549316406,424.6466064453125,91.39599609375
2022-04-06,90.1826171875,40.83005142211914,63.31755447387695,179.66000366210938,420.40045166015625,92.48204803466797
2022-04-07,89.9859848022461,40.50520706176758,63.456905364990234,180.33999633789062,422.51885986328125,91.5630874633789
2022-04-08,89.53292846679688,40.54130554199219,63.48304748535156,181.47000122070312,421.3890075683594,91.71345520019531
2022-04-11,89.14818572998047,40.036006927490234,62.81241226196289,182.3699951171875,414.1864929199219,90.72765350341797
2022-04-12,89.4303207397461,39.9096794128418,62.342098236083984,183.77000427246094,412.65185546875,90.593994140625
2022-04-13,89.60984802246094,40.433021545410156,63.01272201538086,184.64999389648438,417.378173828125,91.23725128173828
2022-04-14,88.88317108154297,39.9096794128418,62.72531509399414,184.0399932861328,412.1811828613281,90.8446044921875
2022-04-18,88.60962677001953,39.774330139160156,62.35951232910156,184.61000061035156,412.3505859375,90.47702026367188
2022-04-19,88.0710220336914,39.5758171081543,62.655643463134766,181.82000732421875,419.00701904296875,92.44863891601562
2022-04-20,88.57540893554688,39.341217041015625,63.073692321777344,182.7100067138672,418.6963195800781,93.9858169555664
2022-04-21,88.088134765625,38.5832633972168,62.39434814453125,182.05999755859375,412.4353332519531,93.33418273925781
2022-04-22,88.00263214111328,38.240386962890625,61.37535095214844,180.2899932861328,401.11846923828125,91.69674682617188
2022-04-25,88.59252166748047,37.960662841796875,61.0792350769043,177.0500030517578,403.4440002441406,91.46282196044922
2022-04-26,88.86607360839844,37.130531311035156,59.3721809387207,177.32000732421875,391.7599182128906,89.95906066894531
2022-04-27,88.50701141357422,37.56364059448242,59.64218521118164,175.97999572753906,392.8614807128906,89.36589813232422
2022-04-28,88.47284698486328,38.10503387451172,60.48698425292969,176.92999267578125,402.7848815917969,91.01170349121094
2022-04-29,87.94281768798828,38.240386962890625,59.781524658203125,176.91000366210938,387.8996887207031,86.83455657958984
2022-05-02,87.46405792236328,38.18624496459961,59.63347244262695,173.6300048828125,390.23468017578125,84.73760986328125
2022-05-03,87.66107177734375,38.46596908569336,60.07765579223633,174.08999633789062,392.0235290527344,85.79025268554688
2022-05-04,88.22624969482422,38.88103485107422,61.1314811706543,175.8000030517578,403.96185302734375,86.77608489990234
2022-05-05,87.35274505615234,37.44634246826172,59.16315460205078,175.1300048828125,389.6038513183594,84.46192169189453
2022-05-06,86.98448181152344,36.932010650634766,58.58833312988281,175.4199981689453,387.2783203125,83.45940399169922
2022-05-09,87.41268920898438,35.867271423339844,56.82032012939453,172.8800048828125,374.8787536621094,79.78353118896484
2022-05-10,87.67816162109375,36.03871536254883,57.2470817565918,171.4199981689453,375.7449035644531,78.32987213134766
2022-05-11,88.00359344482422,35.78607177734375,56.907413482666016,172.82000732421875,369.7758483886719,78.16278839111328
2022-05-12,88.16632080078125,35.55146408081055,56.76806640625,170.1699981689453,369.3897399902344,78.77265167236328
2022-05-13,87.78950500488281,36.53499984741211,58.34446716308594,168.7899932861328,378.2210998535156,80.85285949707031
2022-05-16,87.98646545410156,36.390628814697266,58.39673614501953,170.39999389648438,376.6864318847656,80.34326171875
2022-05-17,87.50688171386719,37.28392028808594,59.48540496826172,169.3300018310547,384.43499755859375,81.43768310546875
2022-05-18,87.85797882080078,36.390628814697266,58.065765380859375,169.4199981689453,368.93780517578125,79.07341003417969
2022-05-19,88.08068084716797,36.968116760253906,58.62317657470703,171.91000366210938,366.6783142089844,78.72251892089844
2022-05-20,88.34619903564453,37.121498107910156,59.0238037109375,172.02999877929688,366.8382873535156,79.22378540039062
2022-05-23,88.05497741699219,37.40122604370117,60.025386810302734,172.8300018310547,373.70184326171875,80.14275360107422
2022-05-24,88.73155212402344,36.751556396484375,59.92959976196289,174.1300048828125,370.84906005859375,80.8194351196289
2022-05-25,89.09980773925781,36.932010650634766,59.9470100402832,173.0800018310547,374.1255187988281,81.50450134277344
2022-05-26,89.03128051757812,37.50950241088867,60.60892105102539,172.75999450683594,381.6011047363281,81.6047592163086
2022-05-27,89.17687225341797,37.9426155090332,61.34052658081055,172.85000610351562,390.9690246582031,83.79357147216797
2022-05-31,88.61167907714844,38.47498321533203,60.974727630615234,171.13999938964844,388.77532958984375,82.76600646972656
2022-06-01,88.24787139892578,38.204288482666016,60.33021926879883,172.22999572753906,385.63067626953125,82.08096313476562
2022-06-02,88.35941314697266,38.86298370361328,61.58438491821289,174.35000610351562,392.97442626953125,83.20877838134766
2022-06-03,88.21357727050781,38.231361389160156,60.7047233581543,172.5800018310547,386.525146484375,82.09765625
2022-06-06,87.67306518554688,38.43889617919922,60.94859313964844,171.82000732421875,387.7020263671875,81.83867645263672
2022-06-07,88.00767517089844,38.55619812011719,61.1314811706543,172.94000244140625,391.42095947265625,82.96649932861328
2022-06-08,87.64730072021484,38.763729095458984,60.277976989746094,172.77999877929688,387.1653747558594,81.0533676147461
2022-06-09,87.55298614501953,37.84646224975586,59.012088775634766,172.22999572753906,377.9574890136719,79.13188171386719
2022-06-10,86.87518310546875,37.42786407470703,57.58774948120117,174.5399932861328,366.998291015625,77.37747955322266
2022-06-13,85.45097351074219,36.11748123168945,55.68269729614258,169.92999267578125,353.0640563964844,73.50944519042969
2022-06-14,84.94480895996094,36.617977142333984,55.157470703125,168.57000732421875,352.0002136230469,72.94969940185547
2022-06-15,85.88850402832031,37.10026931762695,56.19011306762695,170.77000427246094,357.0184326171875,74.67904663085938
2022-06-16,86.09447479248047,35.96278762817383,54.952720642089844,172.69000244140625,345.20245361328125,72.7157974243164
2022-06-17,86.08583068847656,36.099281311035156,54.73017120361328,171.27000427246094,345.9466857910156,73.26716613769531
2022-06-21,85.74269104003906,36.681671142578125,55.55807113647461,170.6300048828125,354.6554260253906,74.28639221191406
2022-06-22,86.47193908691406,36.0264778137207,55.18417739868164,171.30999755859375,354.012451171875,75.23043060302734
2022-06-23,86.832275390625,36.13568115234375,55.121864318847656,170.25999450683594,357.4826354980469,76.65969848632812
2022-06-24,86.69503021240234,36.99107360839844,56.76875305175781,170.08999633789062,368.8484191894531,78.29075622558594
2022-06-27,86.30890655517578,37.036563873291016,56.52840042114258,169.89999389648438,367.43951416015625,78.1730728149414
2022-06-28,86.34322357177734,36.8090705871582,56.145606994628906,169.6199951171875,359.9317626953125,77.22301483154297
2022-06-29,86.84086608886719,36.663475036621094,55.93195724487305,169.49000549316406,359.6385803222656,76.7437744140625
2022-06-30,87.23552703857422,36.490577697753906,55.62928771972656,168.4600067138672,356.71673583984375,76.60086059570312
2022-07-01,87.96263885498047,36.2630729675293,55.76280975341797,168.32000732421875,360.4895324707031,77.97968292236328
2022-07-05,88.12598419189453,35.980979919433594,54.5699348449707,164.75,361.1703796386719,77.76110076904297
2022-07-06,87.53289031982422,35.7625846862793,54.614444732666016,162.13999938964844,362.39007568359375,77.6181640625
2022-07-07,87.33522033691406,36.481475830078125,55.44234085083008,162.22999572753906,367.8177490234375,77.828369140625
2022-07-08,87.00858306884766,36.481475830078125,55.50465774536133,162.3000030517578,367.5152282714844,77.41639709472656
2022-07-11,87.41252899169922,35.50778579711914,54.60554504394531,161.42999267578125,363.3167724609375,77.24822998046875
2022-07-12,87.53289031982422,35.371280670166016,54.59663772583008,160.8300018310547,360.1019287109375,76.94556427001953
2022-07-13,87.85090637207031,35.28938674926758,54.5699348449707,161.60000610351562,358.2107849121094,76.57562255859375
2022-07-14,87.54151153564453,34.97089767456055,53.80434799194336,159.3300018310547,357.3408508300781,75.88623046875
2022-07-15,87.88530731201172,35.152889251708984,54.65895462036133,159.00999450683594,364.16790771484375,77.17256927490234
2022-07-18,87.60165405273438,35.398590087890625,54.881507873535156,159.16000366210938,361.16094970703125,76.6260757446289
2022-07-19,87.48133087158203,35.980979919433594,56.37706756591797,159.5399932861328,370.91925048828125,78.61024475097656
2022-07-20,87.42117309570312,35.82628631591797,56.003170013427734,158.0399932861328,373.28314208984375,78.42528533935547
2022-07-21,88.1517333984375,36.235782623291016,56.581809997558594,160.27000427246094,377.0843200683594,79.04743194580078
2022-07-22,88.83934783935547,35.87178421020508,56.43938446044922,160.6699981689453,373.58575439453125,79.45941925048828
2022-07-25,88.51272583007812,35.99917984008789,56.875579833984375,160.22999572753906,374.0396423339844,79.59391784667969
2022-07-26,88.49556732177734,35.71708297729492,56.08330154418945,160.0399932861328,369.6143493652344,79.67799377441406
2022-07-27,88.80500793457031,36.381378173828125,57.40970230102539,161.6699981689453,379.2119140625,80.15723419189453
2022-07-28,89.44100952148438,36.536075592041016,57.703468322753906,163.63999938964844,383.9681091308594,82.75515747070312
2022-07-29,89.44962310791016,36.36317443847656,58.50467300415039,164.10000610351562,389.5657958984375,83.20075988769531
2022-08-01,89.7596435546875,36.05378341674805,58.58477783203125,165.02999877929688,388.41229248046875,82.52815246582031
2022-08-02,88.83819580078125,35.88088607788086,57.65006637573242,164.0500030517578,385.84979248046875,81.46881103515625
2022-08-03,89.23430633544922,36.1629753112793,57.988338470458984,164.4499969482422,391.89202880859375,81.72943878173828
2022-08-04,89.44963836669922,36.41777420043945,58.28211212158203,167.1699981689453,391.6271667480469,81.60331726074219
2022-08-05,88.4506607055664,36.45417404174805,57.87261962890625,165.2899932861328,390.9653015136719,81.83033752441406
2022-08-08,88.85541534423828,36.49967575073242,58.00615310668945,166.69000244140625,390.511474609375,82.561767578125
2022-08-09,88.6573715209961,36.36317443847656,57.6945686340332,167.1999969482422,388.9607849121094,83.01578521728516
2022-08-10,88.88126373291016,36.81816864013672,58.99428176879883,166.77999877929688,397.1304016113281,84.27691650390625
2022-08-11,88.4075927734375,36.96377182006836,58.97647476196289,166.33999633789062,397.1304016113281,84.07514953613281
2022-08-12,88.8037338256836,37.355064392089844,59.43048858642578,167.8699951171875,403.853515625,85.5212173461914
2022-08-15,88.91572570800781,37.18217086791992,59.07439422607422,165.7100067138672,405.5176696777344,85.86592102050781
2022-08-16,88.7864990234375,37.173065185546875,59.05659866333008,165.4199981689453,406.3119812011719,85.63892364501953
2022-08-17,88.26119232177734,37.01837158203125,58.58477783203125,164.35000610351562,403.4280090332031,85.12608337402344
2022-08-18,88.4506607055664,36.8090705871582,58.388938903808594,163.9199981689453,404.60052490234375,84.5627670288086
2022-08-19,87.83061981201172,36.30858612060547,57.58774948120117,162.72000122070312,399.1634216308594,83.67156982421875
2022-08-22,87.45169830322266,35.99007797241211,56.608516693115234,161.63999938964844,390.8518981933594,81.84715270996094
2022-08-23,87.417236328125,36.181175231933594,56.635223388671875,162.77000427246094,389.9063720703125,80.79619598388672
2022-08-24,87.18474578857422,36.172080993652344,56.70643997192383,163.25,391.15447998046875,81.25860595703125
2022-08-25,87.66699981689453,36.954673767089844,57.329586029052734,163.75,396.6766052246094,82.46929931640625
2022-08-26,87.50337982177734,36.40867614746094,55.82512664794922,161.75999450683594,383.24951171875,80.39265441894531
2022-08-29,87.08141326904297,36.181175231933594,55.70050048828125,161.86000061035156,380.7153625488281,79.66960144042969
2022-08-30,87.19335174560547,35.753482818603516,55.29990768432617,160.50999450683594,376.5359191894531,78.5682144165039
2022-08-31,86.72832489013672,35.88088607788086,54.9260139465332,159.27000427246094,373.6708068847656,78.19828033447266
2022-09-01,86.35211944580078,35.598785400390625,54.18714141845703,157.8699951171875,374.8433532714844,78.3412094116211
2022-09-02,86.60234069824219,35.27119064331055,53.83106231689453,159.25999450683594,370.890869140625,77.24822998046875
2022-09-06,85.79119110107422,34.85259246826172,53.69752883911133,158.3300018310547,369.4914855957031,77.94606018066406
2022-09-07,86.38660430908203,35.161991119384766,54.16933822631836,159.94000244140625,376.1292724609375,79.46781921386719
2022-09-08,86.1104736328125,34.97089767456055,54.204952239990234,158.97999572753906,378.5878601074219,79.6864013671875
2022-09-09,86.10183715820312,35.489585876464844,55.584774017333984,159.82000732421875,384.46923828125,80.5523910522461
2022-09-12,85.97241973876953,36.01738357543945,56.359256744384766,160.6300048828125,388.6014099121094,81.33427429199219
2022-09-13,85.48918914794922,34.907196044921875,54.400787353515625,158.5399932861328,371.70404052734375,78.2235107421875
2022-09-14,85.60133361816406,35.08008575439453,54.57883834838867,157.92999267578125,373.1224060058594,77.33232116699219
2022-09-15,85.34252166748047,34.70699691772461,54.098121643066406,154.97999572753906,368.88623046875,75.90303039550781
2022-09-16,85.28206634521484,34.38850402832031,53.76874542236328,155.83999633789062,366.0719909667969,75.91143798828125
2022-09-19,85.15265655517578,34.49769592285156,53.9556884765625,155.9600067138672,368.9109191894531,75.8021469116211
2022-09-20,84.77295684814453,34.306602478027344,53.03877639770508,155.07000732421875,364.67633056640625,73.96089935302734
2022-09-21,85.04045104980469,33.733306884765625,52.34440231323242,155.7899932861328,358.31500244140625,72.79225158691406
2022-09-22,84.13438415527344,33.56950759887695,52.19306564331055,155.6999969482422,355.30523681640625,71.86741638183594
2022-09-23,83.87551879882812,32.74142074584961,50.52837371826172,153.00999450683594,349.3521728515625,70.91220092773438
2022-09-26,82.796875,32.34102249145508,49.78059005737305,151.22999572753906,345.8961486816406,68.92351531982422
2022-09-27,82.4430923461914,32.304622650146484,49.442317962646484,151.5399932861328,345.01318359375,68.00566864013672
2022-09-28,83.77196502685547,32.58671569824219,50.63520431518555,154.69000244140625,351.8017578125,69.41643524169922
2022-09-29,83.33189392089844,31.858726501464844,50.03875732421875,154.66000366210938,344.4530334472656,67.37677764892578
2022-09-30,83.1334228515625,31.74043846130371,49.860713958740234,154.6699981689453,339.12652587890625,68.13314819335938
2022-10-03,83.808837890625,32.25912857055664,50.848854064941406,158.42999267578125,348.07989501953125,69.34844970703125
2022-10-04,84.03368377685547,33.31471252441406,52.88743209838867,160.6999969482422,358.8656005859375,70.7507095336914
2022-10-05,83.5926284790039,33.33291244506836,52.32659912109375,159.80999755859375,358.03021240234375,69.36543273925781
2022-10-06,83.26399230957031,33.132713317871094,51.40968322753906,159.6300048828125,354.3368225097656,67.4362564086914
2022-10-07,82.82294464111328,32.44112777709961,50.590694427490234,157.8800048828125,344.4530334472656,65.81304168701172
2022-10-10,82.4510726928711,31.98612403869629,50.305824279785156,155.47999572753906,341.822998046875,65.19264221191406
2022-10-11,82.5029525756836,31.47653579711914,49.75389099121094,155.16000366210938,339.65814208984375,65.85552215576172
2022-10-12,82.5721435546875,31.51293182373047,49.593650817871094,155.99000549316406,338.537841796875,65.16712951660156
2022-10-13,82.31272888183594,31.603931427001953,50.61739730834961,154.91000366210938,347.47222900390625,66.3569564819336
2022-10-14,81.86299133300781,31.130739212036133,49.860713958740234,152.97999572753906,339.5537414550781,64.70820617675781
2022-10-17,82.03598022460938,31.98612403869629,51.08920669555664,153.4199981689453,348.279296875,67.1473159790039
2022-10-18,82.1743392944336,31.995229721069336,51.45419692993164,153.75,352.37139892578125,67.87818145751953
2022-10-19,81.46516418457031,31.4128360748291,50.822147369384766,151.69000244140625,349.87432861328125,66.18698120117188
2022-10-20,80.97222137451172,31.6130313873291,50.706417083740234,151.4499969482422,346.9405212402344,65.89802551269531
2022-10-21,81.09333038330078,32.09532928466797,51.62333297729492,154.14999389648438,355.3716735839844,66.41642761230469
2022-10-24,80.9808578491211,30.875940322875977,51.63223648071289,153.64999389648438,359.7201843261719,66.40792846679688
2022-10-25,81.77654266357422,31.130739212036133,52.77170944213867,154.0,365.4643859863281,69.01701354980469
2022-10-26,82.13976287841797,31.64032554626465,53.270233154296875,154.97999572753906,362.7109680175781,68.97451782226562
2022-10-27,82.55484008789062,31.39463233947754,52.77170944213867,154.74000549316406,360.7741394042969,69.07647705078125
2022-10-28,82.34732055664062,31.20353889465332,53.296932220458984,153.16000366210938,369.3571472167969,70.59773254394531
2022-10-31,82.07057189941406,31.112537384033203,52.79841232299805,151.91000366210938,366.689208984375,70.52124786376953
2022-11-01,82.22311401367188,31.685829162597656,53.2168083190918,153.4600067138672,365.0845642089844,70.49575805664062
2022-11-02,82.08444213867188,31.42192840576172,52.442325592041016,152.38999938964844,355.9224548339844,68.55807495117188
2022-11-03,81.7810287475586,31.603931427001953,51.99722671508789,151.80999755859375,352.25750732421875,68.464599609375
2022-11-04,81.77238464355469,32.94161605834961,54.080322265625,156.47000122070312,357.32763671875,69.39944458007812
2022-11-07,81.5123519897461,32.95981979370117,54.24946212768555,155.85000610351562,360.74560546875,69.39944458007812
2022-11-08,81.85906982421875,33.196414947509766,54.86370849609375,159.4499969482422,362.6919860839844,69.6119155883789
2022-11-09,81.95441436767578,32.62312316894531,54.098121643066406,158.64999389648438,355.21978759765625,68.89801788330078
2022-11-10,83.71397399902344,33.80611038208008,57.13374328613281,163.47999572753906,374.7406005859375,73.93767547607422
2022-11-11,83.65328979492188,34.725196838378906,58.273216247558594,164.55999755859375,378.36749267578125,73.9291763305664
2022-11-14,83.41925048828125,34.515899658203125,57.65896224975586,164.9199981689453,375.1487731933594,72.12747192382812
2022-11-15,84.03469848632812,35.30759048461914,58.041751861572266,165.5,378.3484802246094,72.90935516357422
2022-11-16,84.55476379394531,34.7433967590332,57.908233642578125,165.1199951171875,375.46221923828125,72.2464828491211
2022-11-17,84.19940185546875,34.80709457397461,57.88151168823242,163.9199981689453,374.31329345703125,71.75355529785156
2022-11-18,84.0780258178711,34.606895446777344,57.99724578857422,162.7899932861328,376.01287841796875,72.66290283203125
2022-11-21,84.02604675292969,34.170101165771484,57.5610466003418,161.8800048828125,374.6456604003906,73.0453109741211
2022-11-22,84.45941162109375,34.25199890136719,58.36223220825195,162.07000732421875,379.6872253417969,73.44476318359375
2022-11-23,84.962158203125,34.53410339355469,59.00318145751953,163.0800018310547,382.0799255371094,73.5042495727539
2022-11-25,84.97949981689453,34.370304107666016,59.30585861206055,163.22000122070312,381.99432373046875,73.97167205810547
2022-11-28,84.84080505371094,34.215606689453125,58.540283203125,161.92999267578125,375.8989562988281,71.99149322509766
2022-11-29,84.53742218017578,34.952693939208984,58.70941162109375,162.72999572753906,375.2532958984375,73.18131256103516
2022-11-30,85.19618225097656,35.96278762817383,59.7509651184082,164.80999755859375,387.0740051269531,74.85553741455078
2022-12-01,85.90510559082031,35.844478607177734,60.329593658447266,167.83999633789062,386.78912353515625,74.69406127929688
2022-12-02,86.2613296508789,35.980979919433594,60.28508758544922,167.25999450683594,386.3429260253906,74.47309112548828
2022-12-05,85.58365631103516,35.57148361206055,59.4927978515625,164.38999938964844,379.39288330078125,73.11331939697266
2022-12-06,85.8355941772461,35.5259895324707,59.225730895996094,164.83999633789062,373.9240417480469,72.42494201660156
2022-12-07,86.60013580322266,35.316688537597656,59.225730895996094,166.3300018310547,373.28790283203125,72.56941986083984
2022-12-08,86.33949279785156,35.744380950927734,59.528411865234375,166.47000122070312,376.21221923828125,73.07931518554688
2022-12-09,85.82691955566406,35.50778579711914,59.56401824951172,167.05999755859375,373.4018249511719,72.94334411621094
2022-12-12,85.8442611694336,35.398590087890625,59.742061614990234,165.67999267578125,378.7852783203125,73.5042495727539
2022-12-13,86.4177017211914,35.651729583740234,60.58936309814453,168.50999450683594,381.6526184082031,74.86400604248047
2022-12-14,86.60879516601562,35.670204162597656,60.535736083984375,168.10000610351562,379.2124938964844,74.35409545898438
2022-12-15,86.73595428466797,34.84796905517578,58.989501953125,165.35000610351562,369.9363098144531,73.35979461669922
2022-12-16,86.509521484375,34.9495964050293,58.471107482910156,166.7899932861328,365.56884765625,71.46458435058594
2022-12-19,85.97838592529297,34.97731018066406,58.32810592651367,166.32000732421875,362.4689636230469,70.55523681640625
2022-12-20,85.39498138427734,34.96806716918945,58.56047821044922,169.0800018310547,362.9649353027344,70.37678527832031
2022-12-21,85.63008117675781,35.28218078613281,59.16824722290039,168.8000030517578,368.3921203613281,70.98016357421875
2022-12-22,85.60395812988281,34.96806716918945,58.68561553955078,166.75999450683594,363.13653564453125,70.6819839477539
2022-12-23,85.30787658691406,34.921878814697266,58.89118194580078,167.25999450683594,365.2254638671875,71.31111907958984
2022-12-27,84.68965911865234,35.439239501953125,58.98055648803711,168.6699981689453,363.7851867675781,71.28526306152344
2022-12-28,84.54165649414062,34.921878814697266,58.35491943359375,167.91000366210938,359.26409912109375,70.07003021240234
2022-12-29,84.8551254272461,35.50390625,59.27550506591797,168.85000610351562,365.73095703125,71.60416412353516
2022-12-30,84.45455932617188,35.014259338378906,58.66773223876953,169.63999938964844,364.7676086425781,71.0870361328125
2023-01-03,84.95089721679688,35.30990219116211,59.18613052368164,171.05999755859375,363.2320556640625,71.15599060058594
2023-01-04,85.42110443115234,36.372337341308594,59.97265625,172.6699981689453,366.0362548828125,72.76769256591797
2023-01-05,85.35145568847656,36.26146697998047,59.37382125854492,170.52000427246094,361.8584899902344,70.81124877929688
2023-01-06,86.28314971923828,37.019039154052734,60.893245697021484,173.7100067138672,370.1566467285156,72.71597290039062
2023-01-09,86.50083923339844,37.29619598388672,61.152442932128906,174.10000610351562,369.9468078613281,72.74182891845703
2023-01-10,86.16996002197266,37.56411361694336,61.331207275390625,174.74000549316406,372.54119873046875,72.90559387207031
2023-01-11,86.70111846923828,37.72117233276367,61.79595947265625,174.6199951171875,377.2530517578125,75.51705932617188
2023-01-12,87.32806396484375,37.905941009521484,62.7076301574707,176.63999938964844,378.6266174316406,76.4737319946289
2023-01-13,87.00588989257812,38.1553840637207,63.03831481933594,178.75999450683594,380.0954284667969,75.99970245361328
2023-01-17,86.84912872314453,37.942893981933594,63.23494338989258,177.58999633789062,379.3992004394531,76.21516418457031
2023-01-18,87.71119689941406,37.68421173095703,63.01150131225586,177.0800018310547,373.4091491699219,75.10334777832031
2023-01-19,87.51091003417969,37.970611572265625,62.91318130493164,179.88999938964844,370.6907958984375,74.68965911865234
2023-01-20,87.1539077758789,38.552642822265625,63.46733474731445,179.2899932861328,377.5964050292969,75.57738494873047
2023-01-23,86.93619537353516,38.82979965209961,63.726531982421875,179.6300048828125,382.1270446777344,75.92213439941406
2023-01-24,87.3193588256836,38.85751724243164,63.646087646484375,180.27999877929688,381.7169494628906,76.11174774169922
2023-01-25,87.42384338378906,38.894474029541016,64.06616973876953,181.11000061035156,381.8599853515625,76.1462173461914
2023-01-26,87.27581787109375,39.264015197753906,64.11978912353516,179.47000122070312,386.0567932128906,76.99948120117188
2023-01-27,87.14521789550781,39.07923889160156,63.99466323852539,179.22000122070312,386.9438171386719,77.8613510131836
2023-01-30,86.91008758544922,38.29396438598633,63.583534240722656,178.75999450683594,382.0889587402344,76.87019348144531
2023-01-31,87.26709747314453,38.2108154296875,63.94997787475586,179.41000366210938,387.7069091796875,78.4819107055664
2023-02-01,87.88249969482422,38.68198776245117,64.5219955444336,181.6699981689453,391.82733154296875,78.96453857421875
2023-02-02,87.97850036621094,38.45102310180664,64.4326171875,177.89999389648438,397.53118896484375,80.75721740722656
2023-02-03,87.13180541992188,37.767364501953125,63.83378982543945,173.4600067138672,393.3057861328125,79.24031829833984
2023-02-06,86.6517105102539,37.213050842285156,63.18133544921875,173.82000732421875,390.902099609375,78.66287994384766
2023-02-07,86.5032958984375,37.360862731933594,63.717594146728516,173.97999572753906,396.0145568847656,78.49051666259766
2023-02-08,86.62552642822266,37.314674377441406,63.32433319091797,174.41000366210938,391.6842956542969,78.11991119384766
2023-02-09,86.28509521484375,37.490203857421875,63.440528869628906,173.02999877929688,388.2886962890625,77.26665496826172
2023-02-10,85.9097671508789,37.12989807128906,63.1634521484375,173.36000061035156,389.19488525390625,77.53382873535156
2023-02-13,86.17163848876953,37.43478012084961,63.798030853271484,172.47999572753906,393.7635498046875,78.22332000732422
2023-02-14,85.86613464355469,37.37010955810547,63.91423416137695,172.61000061035156,393.5823974609375,77.602783203125
2023-02-15,85.70026397705078,37.055992126464844,63.62821578979492,170.88999938964844,394.8604736328125,77.9130630493164
2023-02-16,85.34242248535156,37.065223693847656,63.31539535522461,170.75,389.42376708984375,77.15460968017578
2023-02-17,85.54315948486328,36.65873336791992,63.47627639770508,171.25999450683594,388.450927734375,76.85295104980469
2023-02-21,84.74008178710938,36.19680404663086,62.779117584228516,170.6199951171875,380.658203125,75.3102035522461
2023-02-22,84.96705627441406,36.02126693725586,62.430545806884766,169.66000366210938,380.1335754394531,74.62932586669922
2023-02-23,85.27255249023438,36.19680404663086,62.752315521240234,169.57000732421875,382.15570068359375,75.18953704833984
2023-02-24,84.78374481201172,35.38380432128906,61.70659255981445,168.35000610351562,378.0733337402344,73.87088012695312
2023-02-27,84.94959259033203,35.568580627441406,62.43949890136719,169.00999450683594,379.36102294921875,73.98292541503906
2023-02-28,84.94084930419922,35.31913375854492,61.98366165161133,169.77999877929688,377.9588928222656,73.87950134277344
2023-03-01,84.45436096191406,36.07670211791992,62.314353942871094,170.75999450683594,376.50909423828125,72.94867706298828
2023-03-02,84.27934265136719,36.20603942871094,62.43949890136719,170.66000366210938,379.4372253417969,73.80195617675781
2023-03-03,84.94434356689453,36.529388427734375,63.35114669799805,172.49000549316406,385.5226745605469,74.92237091064453
2023-03-06,84.73434448242188,36.40005111694336,63.19025802612305,171.6199951171875,385.7896728515625,74.62932586669922
2023-03-07,84.62061309814453,35.79030990600586,62.13560104370117,168.6199951171875,379.8760681152344,72.88835906982422
2023-03-08,84.53311157226562,35.9381217956543,62.47523880004883,168.5399932861328,380.4960632324219,73.72435760498047
2023-03-09,84.8393325805664,35.14360809326172,62.019405364990234,170.1999969482422,373.4759216308594,72.03509521484375
2023-03-10,85.82808685302734,34.958831787109375,61.35801696777344,173.8699951171875,368.0869445800781,69.6477279663086
2023-03-13,86.51058959960938,35.014259338378906,60.93793869018555,177.86000061035156,367.562255859375,70.5613021850586
2023-03-14,86.00309753417969,35.03274154663086,61.75127410888672,176.8300018310547,373.6380615234375,71.24217224121094
2023-03-15,86.86058044433594,34.43223571777344,59.83858108520508,178.2100067138672,371.3012390136719,71.19046783447266
2023-03-16,86.51934814453125,34.958831787109375,60.76812744140625,178.57000732421875,377.8158264160156,71.03533172607422
2023-03-17,87.06185913085938,34.746341705322266,60.04415512084961,183.77000427246094,373.3981018066406,69.42362976074219
2023-03-20,86.7118148803711,34.87568283081055,60.98263168334961,183.83999633789062,376.98858642578125,70.2165756225586
2023-03-21,86.4493408203125,35.18980407714844,61.903221130371094,180.3699951171875,381.9385986328125,69.90628051757812
2023-03-22,87.28057861328125,35.3283805847168,61.68871307373047,183.44000244140625,375.4279479980469,67.2948226928711
2023-03-23,87.4906005859375,35.818016052246094,61.69765090942383,185.74000549316406,376.44287109375,66.87248992919922
2023-03-24,87.63932800292969,35.72562789916992,61.50996398925781,183.64999389648438,378.91302490234375,68.58740997314453
2023-03-27,86.69437408447266,35.53162384033203,62.090911865234375,181.9499969482422,379.62158203125,68.5090560913086
2023-03-28,86.56310272216797,36.03974151611328,62.11772918701172,183.44000244140625,378.76947021484375,68.3436508178711
2023-03-29,86.66810607910156,36.1413688659668,62.868499755859375,182.52999877929688,384.2748718261719,69.85835266113281
2023-03-30,86.76436614990234,36.50167465209961,63.601402282714844,184.17999267578125,386.52484130859375,70.77239227294922
2023-03-31,87.18433380126953,36.45548629760742,63.92316436767578,183.22000122070312,391.97283935546875,72.28705596923828
2023-04-03,87.56330871582031,36.529388427734375,64.4326171875,184.5399932861328,393.4664001464844,71.7125244140625
2023-04-04,87.88787078857422,36.529388427734375,64.44155883789062,187.97999572753906,391.2834167480469,71.61676788330078
2023-04-05,88.18610382080078,36.24299240112305,63.99466323852539,187.8300018310547,390.2589416503906,71.23374938964844
2023-04-06,88.10717010498047,36.390811920166016,64.29855346679688,186.49000549316406,391.78131103515625,71.72123718261719
2023-04-10,87.50186157226562,36.42776870727539,64.25386047363281,185.11000061035156,392.183349609375,72.05200958251953
2023-04-11,87.55452728271484,36.649497985839844,64.4683609008789,186.27999877929688,392.28875732421875,72.35671997070312
2023-04-12,87.65980529785156,36.390811920166016,64.87950134277344,187.19000244140625,390.6898193359375,72.00850677490234
2023-04-13,87.62469482421875,36.88969802856445,65.71072387695312,189.72000122070312,395.879150390625,71.7908706665039
2023-04-14,87.19486999511719,36.69568634033203,65.44258880615234,186.36000061035156,394.91217041015625,70.6766128540039
2023-04-17,86.7562484741211,36.852745056152344,65.32640075683594,185.52999877929688,396.3291320800781,72.14776611328125
2023-04-18,86.87907409667969,36.80655288696289,65.68390655517578,186.25,396.5877380371094,71.98238372802734
2023-04-19,86.74748229980469,36.4370002746582,65.47834014892578,185.36000061035156,396.5207214355469,72.408935546875
2023-04-20,87.14225006103516,36.38157653808594,65.47834014892578,186.08999633789062,394.3568420410156,71.69511413574219
2023-04-21,86.99311065673828,36.03974151611328,65.80903625488281,184.25,394.6632385253906,71.7038345336914
2023-04-24,87.33522033691406,35.95659637451172,65.97886657714844,184.80999755859375,395.074951171875,71.43396759033203
2023-04-25,87.87911224365234,35.28218078613281,65.05826568603516,185.75,388.8035583496094,70.7288589477539
2023-04-26,87.55452728271484,35.485435485839844,65.01358032226562,184.74000549316406,387.15679931640625,70.04985046386719
2023-04-27,87.23870849609375,35.96583557128906,65.82691192626953,184.75,394.8643493652344,71.63418579101562
2023-04-28,87.68608856201172,36.15060806274414,65.80010223388672,184.8000030517578,398.2345275878906,72.51341247558594
2023-05-01,86.7882308959961,36.03050994873047,65.70178985595703,183.97000122070312,397.8324279785156,71.97367858886719
2023-05-02,87.63243865966797,35.679443359375,65.0403823852539,187.52000427246094,393.361083984375,70.75495147705078
2023-05-03,88.01939392089844,35.6240119934082,65.21019744873047,189.11000061035156,390.66107177734375,70.47640991210938
2023-05-04,87.91387176513672,35.910404205322266,65.07614135742188,190.44000244140625,387.8940124511719,71.05963134765625
2023-05-05,87.63243865966797,36.390811920166016,66.03248596191406,187.4600067138672,395.074951171875,72.24352264404297
2023-05-08,87.1487808227539,36.4092903137207,66.05036163330078,187.69000244140625,395.18017578125,71.82569885253906
2023-05-09,87.06964111328125,36.18756103515625,65.7822265625,189.02000427246094,393.4472351074219,71.52101135253906
2023-05-10,87.63243865966797,36.169090270996094,65.64816284179688,188.75,395.28558349609375,72.20870208740234
2023-05-11,87.89628601074219,36.03974151611328,65.48727416992188,187.1300048828125,394.59619140625,71.41655731201172
2023-05-12,87.40381622314453,35.61477279663086,65.37108612060547,186.80999755859375,394.0791931152344,71.4078369140625
2023-05-15,87.1839599609375,36.27070999145508,65.8716049194336,187.2100067138672,395.4387512207031,71.28597259521484
2023-05-16,86.9817123413086,36.01203536987305,65.2459487915039,184.8699951171875,392.7961730957031,69.50143432617188
2023-05-17,86.84977722167969,36.17831802368164,65.54984283447266,184.22999572753906,397.5643005371094,70.44159698486328
2023-05-18,86.44528198242188,35.984317779541016,65.4515380859375,181.83999633789062,401.3941345214844,70.10208129882812
2023-05-19,86.25180053710938,36.01203536987305,65.83586883544922,183.63999938964844,400.8100891113281,69.98892211914062
2023-05-22,86.17265319824219,36.30766296386719,65.8537368774414,183.2100067138672,400.9728088378906,70.41545867919922
2023-05-23,86.26940155029297,35.744110107421875,64.88844299316406,183.42999267578125,396.4728088378906,69.7538833618164
2023-05-24,86.04951477050781,35.476192474365234,63.9410400390625,181.9499969482422,393.60040283203125,68.25660705566406
2023-05-25,85.73294830322266,35.402286529541016,63.85166549682617,180.1999969482422,397.00897216796875,68.2479019165039
2023-05-26,85.8033218383789,36.03050994873047,64.47730255126953,180.9199981689453,402.1505126953125,69.03136444091797
2023-05-30,86.37490844726562,35.61477279663086,63.82484436035156,182.0399932861328,402.3037414550781,69.29251098632812
2023-05-31,86.68273162841797,35.28218078613281,63.1634521484375,182.32000732421875,400.07293701171875,69.64070892333984
2023-06-01,86.94544982910156,35.910404205322266,64.10192108154297,183.75999450683594,403.8739013671875,69.64942932128906
2023-06-02,86.4869384765625,36.529388427734375,64.93314361572266,181.0500030517578,409.7144470214844,71.34690856933594
2023-06-05,86.4781494140625,36.52014923095703,64.55774688720703,182.13999938964844,408.9293212890625,70.85072326660156
2023-06-06,86.5839614868164,36.843502044677734,65.0940170288086,182.33999633789062,409.8197326660156,71.52971649169922
2023-06-07,86.12547302246094,36.68522262573242,64.52152252197266,180.14999389648438,408.4027099609375,72.84420776367188
2023-06-08,86.5839614868164,36.9459228515625,65.20414733886719,182.52999877929688,410.8729553222656,72.39153289794922
2023-06-09,86.38115692138672,37.113521575927734,65.09493255615234,182.0399932861328,411.61016845703125,71.97367858886719
2023-06-12,86.53103637695312,37.188011169433594,65.37708282470703,181.8800048828125,415.3442687988281,71.99108123779297
2023-06-13,86.12547302246094,37.560447692871094,65.99598693847656,180.5399932861328,418.0826416015625,72.45246124267578
2023-06-14,86.2048110961914,37.83977508544922,66.24173736572266,180.63999938964844,418.5804443359375,72.72230529785156
2023-06-15,86.80437469482422,38.19359588623047,66.94255828857422,181.91000366210938,423.7699279785156,73.1053466796875
2023-06-16,86.53103637695312,38.06324768066406,66.79692840576172,181.6300048828125,422.3263854980469,73.05311584472656
2023-06-20,86.68975067138672,37.318363189697266,65.91407775878906,179.75,420.1353759765625,72.1913070678711
2023-06-21,86.83084869384766,37.14145278930664,66.01419830322266,179.49000549316406,417.982666015625,71.75605773925781
2023-06-22,86.38115692138672,37.01110076904297,65.60462951660156,177.7100067138672,419.491455078125,70.7288589477539
2023-06-23,86.63685607910156,36.47106170654297,64.58524322509766,178.1999969482422,416.320068359375,69.7538833618164
2023-06-26,86.74266815185547,36.59210968017578,64.66715240478516,178.50999450683594,414.61907958984375,71.36431884765625
2023-06-27,86.57512664794922,36.96455001831055,65.23145294189453,177.69000244140625,419.16473388671875,72.24352264404297
2023-06-28,86.83084869384766,36.741085052490234,65.27696228027344,177.27999877929688,419.37615966796875,72.34799194335938
2023-06-29,86.16073608398438,36.545555114746094,65.18594360351562,177.08999633789062,421.029052734375,73.1561508178711
2023-06-30,86.363525390625,36.834197998046875,65.98688507080078,178.27000427246094,425.9974670410156,73.56109619140625
2023-07-03,86.26185607910156,37.24387741088867,65.91407775878906,178.47000122070312,426.487548828125,74.28296661376953
2023-07-05,85.87291717529297,37.020416259765625,65.17682647705078,177.83999633789062,425.85333251953125,74.45023345947266
2023-07-06,85.31597137451172,36.2662239074707,64.04824829101562,177.30999755859375,422.5186767578125,73.8780288696289
2023-07-07,85.33367919921875,36.675907135009766,64.5306167602539,178.63999938964844,421.4519348144531,73.71076202392578
2023-07-10,85.57233428955078,36.70383834838867,64.71265411376953,178.77999877929688,422.5186767578125,74.0276870727539
2023-07-11,85.75797271728516,37.07627487182617,65.295166015625,179.4499969482422,425.20941162109375,75.08409118652344
2023-07-12,86.45634460449219,37.90495681762695,66.54208374023438,181.8800048828125,428.63067626953125,75.48904418945312
2023-07-13,86.99559783935547,38.3984375,67.60698699951172,182.00999450683594,432.03265380859375,75.97322845458984
2023-07-14,86.5801010131836,38.18428039550781,67.22471618652344,181.42999267578125,431.7635803222656,75.82357788085938
2023-07-17,86.67735290527344,38.23084259033203,67.14279174804688,181.55999755859375,433.26275634765625,75.33057403564453
2023-07-18,86.74805450439453,37.951507568359375,67.57968139648438,183.63999938964844,436.4821472167969,74.91682434082031
2023-07-19,87.0132827758789,37.87702178955078,67.54326629638672,183.6699981689453,437.4527893066406,75.76194763183594
2023-07-20,86.56243133544922,37.597694396972656,67.1974105834961,182.74000549316406,434.55047607421875,75.51544952392578
2023-07-21,86.62429809570312,37.54182815551758,67.33393859863281,182.17999267578125,434.55047607421875,75.86758422851562
2023-07-24,86.46516418457031,38.05392837524414,67.17010498046875,181.39999389648438,436.49176025390625,76.49263763427734
2023-07-25,86.36795806884766,38.37050247192383,67.24291229248047,182.41000366210938,437.6833801269531,75.94682312011719
2023-07-26,86.65084838867188,38.593971252441406,67.42495727539062,183.3000030517578,437.7507019042969,76.2901611328125
2023-07-27,85.90825653076172,38.119110107421875,67.27023315429688,180.4199981689453,434.8483581542969,74.63509368896484
2023-07-28,86.24417877197266,39.0408935546875,67.75260925292969,181.86000061035156,439.1057434082031,74.57350158691406
2023-07-31,86.35026550292969,39.05951690673828,67.77080535888672,182.35000610351562,439.9418640136719,75.05767822265625
2023-08-01,85.77850341796875,38.56603240966797,66.92435455322266,180.4600067138672,438.68280029296875,74.9344253540039
2023-08-02,85.57465362548828,37.64425277709961,65.67742919921875,179.60000610351562,432.5804748535156,74.50305938720703
2023-08-03,84.99849700927734,37.7932243347168,65.49539947509766,179.5399932861328,431.3406982421875,73.69316101074219
2023-08-04,85.69873809814453,37.746673583984375,65.67742919921875,180.19000244140625,429.38983154296875,73.09452056884766
2023-08-07,85.71647644042969,37.690799713134766,66.23262786865234,179.77999877929688,433.1378479003906,74.01007080078125
2023-08-08,85.92035675048828,37.23456573486328,65.83216094970703,178.63999938964844,431.2543029785156,73.53468322753906
2023-08-09,85.9823989868164,37.32767868041992,65.81395721435547,177.7899932861328,428.37115478515625,73.52589416503906
2023-08-10,85.4239730834961,37.383541107177734,66.09610748291016,177.60000610351562,428.5249938964844,73.24417877197266
2023-08-11,85.15802764892578,36.834197998046875,65.65013122558594,177.60000610351562,428.27508544921875,73.35862731933594
2023-08-14,85.09597778320312,36.657283782958984,65.35887145996094,177.05999755859375,430.63922119140625,72.87444305419922
2023-08-15,84.86550903320312,36.23828887939453,64.54883575439453,176.58999633789062,425.6227111816406,72.05572509765625
2023-08-16,84.6616439819336,35.91240692138672,64.02093505859375,175.57000732421875,422.4994812011719,71.16657257080078
2023-08-17,84.57299041748047,35.9962043762207,63.565853118896484,175.3000030517578,419.280029296875,70.59436798095703
2023-08-18,84.75914764404297,35.75412368774414,63.565853118896484,175.3300018310547,419.4818420410156,70.814453125
2023-08-21,84.33366394042969,35.83792495727539,63.802490234375,175.80999755859375,422.2110900878906,70.16297912597656
2023-08-22,84.42230987548828,35.76343536376953,63.68416976928711,176.10000610351562,421.06744384765625,70.36546325683594
2023-08-23,85.22894287109375,36.33140182495117,64.37590026855469,177.88999938964844,425.75726318359375,71.4747085571289
2023-08-24,85.03395080566406,36.191734313964844,63.4930419921875,177.85000610351562,419.85662841796875,71.20179748535156
2023-08-25,84.98077392578125,36.22898483276367,63.92081832885742,177.6199951171875,422.8164978027344,71.25463104248047
2023-08-28,85.16691589355469,36.58279800415039,64.59435272216797,178.1300048828125,425.4977722167969,71.92366027832031
2023-08-29,85.71647644042969,37.04834747314453,65.39527893066406,179.8699951171875,431.64825439453125,72.79521942138672
2023-08-30,85.68102264404297,36.927303314208984,65.35887145996094,180.32000732421875,433.4261169433594,73.05931854248047
2023-08-31,85.80511474609375,36.47106170654297,65.10403442382812,180.02000427246094,432.7918395996094,72.52230072021484
2023-09-01,85.36071014404297,36.89937210083008,65.06761932373047,180.11000061035156,433.59912109375,72.64555358886719
2023-09-05,84.8985366821289,36.6014289855957,64.50332641601562,178.63999938964844,431.72509765625,71.8004379272461
2023-09-06,84.81854248046875,36.39657974243164,64.36680603027344,177.8300018310547,428.8229064941406,71.6507568359375
2023-09-07,85.0851821899414,35.9682731628418,64.15745544433594,178.02000427246094,427.50628662109375,72.09974670410156
2023-09-08,85.12962341308594,36.04276657104492,64.06643676757812,178.0800018310547,428.150146484375,71.81803894042969
2023-09-11,85.0318603515625,36.48968505859375,64.7308578491211,178.41000366210938,430.9659729003906,71.82683563232422
2023-09-12,85.0584945678711,36.377952575683594,64.4669189453125,177.49000549316406,428.601806640625,71.7916259765625
2023-09-13,85.18295288085938,36.33140182495117,64.26667785644531,177.0800018310547,429.1015930175781,71.00813293457031
2023-09-14,85.06742095947266,36.573482513427734,65.1131362915039,177.1699981689453,432.80145263671875,72.29341125488281
2023-09-15,84.87187957763672,36.43381881713867,64.96749877929688,178.33999633789062,427.5869445800781,72.0205078125
2023-09-18,84.99632263183594,36.387271881103516,64.73995971679688,179.38999938964844,427.83770751953125,71.37786865234375
2023-09-19,84.74744415283203,36.173118591308594,64.7945785522461,179.22000122070312,426.95037841796875,71.05213165283203
2023-09-20,84.70301055908203,36.024139404296875,64.63985443115234,179.35000610351562,423.0252685546875,71.11376190185547
2023-09-21,84.12528991699219,35.400306701660156,63.565853118896484,178.0500030517578,416.0334167480469,68.69284057617188
2023-09-22,84.48082733154297,35.81930160522461,63.62046432495117,178.6199951171875,415.0979919433594,68.17342376708984
2023-09-25,83.81420135498047,35.6610107421875,63.33831024169922,177.6999969482422,416.8434753417969,68.11181640625
2023-09-26,83.70755004882812,35.15821838378906,62.519161224365234,176.27999877929688,410.719482421875,66.87052917480469
2023-09-27,83.41423797607422,35.214088439941406,62.400840759277344,174.10000610351562,410.8834228515625,66.42155456542969
2023-09-28,83.66309356689453,35.30719757080078,62.9105339050293,173.22999572753906,413.2655334472656,67.05890655517578
2023-09-29,83.58309936523438,35.33513259887695,62.728492736816406,171.4499969482422,412.2625732421875,67.25445556640625
2023-10-02,83.00110626220703,35.15821838378906,61.809234619140625,169.64999389648438,412.0986328125,66.01888275146484
2023-10-03,82.35051727294922,34.69267272949219,61.03560256958008,169.16000366210938,406.582275390625,64.72998809814453
2023-10-04,82.9298324584961,34.59025192260742,61.144813537597656,169.13999938964844,409.54296875,65.5210952758789
2023-10-05,82.9832992553711,34.720603942871094,61.68180847167969,168.8300018310547,409.388671875,65.88555145263672
2023-10-06,82.66246795654297,35.22339630126953,62.36443328857422,169.6999969482422,414.2492370605469,66.06333923339844
2023-10-09,83.51803588867188,35.0557975769043,62.27341842651367,172.82000732421875,416.90142822265625,66.78334045410156
2023-10-10,83.43785095214844,35.558589935302734,63.12897872924805,172.52999877929688,419.0712585449219,67.10334777832031
2023-10-11,83.8210678100586,35.78205108642578,63.392913818359375,173.7899932861328,420.78790283203125,68.267822265625
2023-10-12,83.09915924072266,35.38167953491211,62.86503219604492,173.25999450683594,418.2226257324219,67.2722396850586
2023-10-13,83.45567321777344,35.2513313293457,62.28252029418945,178.8300018310547,416.1394958496094,67.10334777832031
2023-10-16,82.99224090576172,35.51203155517578,62.73760223388672,177.9600067138672,420.51788330078125,67.90335083007812
2023-10-17,82.39508819580078,35.41893005371094,62.77400588989258,178.2899932861328,420.49859619140625,67.80558013916016
2023-10-18,82.01183319091797,34.87889099121094,61.68180847167969,180.8699951171875,414.8954162597656,66.36555480957031
2023-10-19,81.6999282836914,34.674049377441406,61.135719299316406,183.08999633789062,411.2499694824219,64.79219818115234
2023-10-20,81.99403381347656,34.25505828857422,60.58961486816406,183.58999633789062,406.19647216796875,64.35665130615234
2023-10-23,82.31487274169922,34.22711944580078,60.635128021240234,182.97000122070312,405.49249267578125,63.72551727294922
2023-10-24,82.60900115966797,34.66473388671875,60.98098373413086,182.9499969482422,408.5496520996094,64.5433120727539
2023-10-25,81.99403381347656,34.20850372314453,60.544105529785156,183.72000122070312,402.68603515625,63.15660858154297
2023-10-26,82.54658508300781,34.04090118408203,60.10723114013672,184.00999450683594,397.864013671875,64.36553192138672
2023-10-27,82.5198745727539,34.012969970703125,59.925193786621094,186.14999389648438,396.0605773925781,63.33439636230469
2023-10-30,82.32379913330078,34.366790771484375,60.68973159790039,185.10000610351562,400.7958984375,63.7343864440918
2023-10-31,82.27033233642578,34.17125701904297,60.90816879272461,184.08999633789062,403.3128967285156,64.8188705444336
2023-11-01,83.17943572998047,34.48782730102539,61.48157501220703,183.50999450683594,407.61419677734375,65.2188720703125
2023-11-02,83.68002319335938,35.093040466308594,62.73760223388672,184.1199951171875,415.42584228515625,67.36111450195312
2023-11-03,84.1895751953125,35.80998611450195,63.40203094482422,184.7899932861328,419.2159118652344,68.97003936767578
2023-11-06,83.76941680908203,36.098628997802734,63.083465576171875,183.35000610351562,420.1803283691406,67.97447204589844
2023-11-07,84.21637725830078,36.033451080322266,62.70119094848633,182.58999633789062,421.376220703125,67.41445922851562
2023-11-08,84.5024185180664,35.79136657714844,62.61927795410156,180.77000427246094,421.68475341796875,67.63668823242188
2023-11-09,83.79622650146484,35.45616912841797,62.61018753051758,181.49000549316406,418.39617919921875,66.56999206542969
2023-11-10,83.99288177490234,35.70756530761719,62.8923225402832,179.50999450683594,424.9251403808594,67.19222259521484
2023-11-13,83.98395538330078,35.69825744628906,63.0561637878418,180.50999450683594,424.5201721191406,66.63223266601562
2023-11-14,85.03877258300781,36.64797592163086,64.66715240478516,182.1199951171875,432.756103515625,70.330078125
2023-11-15,84.51133728027344,36.95523452758789,64.56703186035156,181.63999938964844,433.67230224609375,70.53450775146484
2023-11-16,84.9762191772461,36.6014289855957,64.52152252197266,183.69000244140625,434.2027282714844,70.38339233398438
2023-11-17,85.14606475830078,36.64797592163086,65.39527893066406,183.6699981689453,434.7428283691406,70.330078125
2023-11-20,85.28014373779297,37.104209899902344,65.64102172851562,183.3699951171875,438.0892639160156,70.84561157226562
2023-11-21,85.36953735351562,36.871437072753906,65.38617706298828,185.35000610351562,437.1344909667969,70.34784698486328
2023-11-22,85.44998931884766,36.79694747924805,65.54090881347656,184.55999755859375,438.82220458984375,70.69451141357422
2023-11-24,85.05667114257812,36.81557083129883,66.04149627685547,185.52000427246094,439.0921936035156,70.89897155761719
2023-11-27,85.53939819335938,36.66659927368164,65.81395721435547,186.77000427246094,438.3014831542969,71.1567611694336
2023-11-28,85.91484069824219,36.97386169433594,65.83216094970703,189.25999450683594,438.73541259765625,71.62787628173828
2023-11-29,86.33497619628906,36.75970458984375,65.96868896484375,189.5399932861328,438.4267578125,72.12564849853516
2023-11-30,86.04893493652344,36.834197998046875,65.91407775878906,188.75,440.153076171875,72.65011596679688
2023-12-01,86.80553436279297,36.99247741699219,66.60580444335938,192.00999450683594,442.7569885253906,74.4367904663086
2023-12-04,86.47386169433594,36.573482513427734,66.0870132446289,187.86000061035156,440.4327392578125,74.97903442382812
2023-12-05,87.04759216308594,36.35002136230469,65.8503646850586,187.14999389648438,440.34600830078125,74.48123931884766
2023-12-06,87.271728515625,36.303466796875,66.05059814453125,187.83999633789062,438.571533203125,74.25901794433594
2023-12-07,87.29859924316406,36.480377197265625,66.3691635131836,188.14999389648438,441.9179382324219,74.47235870361328
2023-12-08,86.85931396484375,36.32209014892578,66.56939697265625,185.63999938964844,443.8178405761719,74.34790802001953
2023-12-11,86.86829376220703,36.5362434387207,66.73323059082031,183.58999633789062,445.54412841796875,74.55236053466797
2023-12-12,87.1282730102539,36.545555114746094,66.8515396118164,183.49000549316406,447.57891845703125,74.5079116821289
2023-12-13,88.22197723388672,36.90868377685547,67.8254165649414,187.6300048828125,453.7511291503906,77.36129760742188
2023-12-14,88.93402862548828,37.44871520996094,68.32600402832031,188.72999572753906,455.2074279785156,79.59244537353516
2023-12-15,88.72722625732422,37.225257873535156,67.66159057617188,187.0,454.4579162597656,78.47242736816406
2023-12-18,88.54743194580078,37.206634521484375,67.8254165649414,187.85000610351562,457.0142822265625,78.2946548461914
2023-12-19,88.65531158447266,37.52320861816406,68.39881896972656,189.1300048828125,459.7933044433594,78.89021301269531
2023-12-20,88.97895812988281,36.84772491455078,67.70856475830078,188.10000610351562,453.4218444824219,77.93019104003906
2023-12-21,88.96996307373047,37.540279388427734,68.80523681640625,189.42999267578125,457.7211608886719,78.62129211425781
2023-12-22,88.85311126708984,37.36002731323242,68.86975860595703,190.27000427246094,458.64105224609375,78.92723846435547
2023-12-26,89.03292846679688,37.65412521362305,69.18309020996094,191.72000122070312,460.5776672363281,79.51216125488281
2023-12-27,89.59931182861328,37.8723258972168,69.55172729492188,192.58999633789062,461.410400390625,79.89910125732422
2023-12-28,89.40152740478516,38.16642761230469,69.36739349365234,191.47000122070312,461.5846862792969,80.46601104736328
2023-12-29,89.2306900024414,38.14745330810547,69.44113159179688,191.1699981689453,460.2484130859375,79.51216125488281
2024-01-02,88.80812072753906,37.70156478881836,68.66699981689453,190.72000122070312,457.67266845703125,80.19606018066406
2024-01-03,88.85311126708984,37.49284362792969,68.15091705322266,189.1300048828125,453.93499755859375,78.27935028076172
2024-01-04,88.4935073852539,37.369510650634766,68.30757904052734,189.32000732421875,452.472900390625,78.13536834716797
2024-01-05,88.28670501708984,37.41694641113281,68.3536605834961,189.35000610351562,453.0926513671875,77.93738555908203
2024-01-08,88.61935424804688,37.521305084228516,69.08171081542969,187.8699951171875,459.5609130859375,79.05322265625
2024-01-09,88.60138702392578,36.99003219604492,68.4642562866211,187.92999267578125,458.86376953125,78.52229309082031
2024-01-10,88.43055725097656,36.90464782714844,68.90660858154297,187.5,461.4588623046875,78.61228942871094
2024-01-11,88.93402862548828,37.05644226074219,68.89739990234375,187.8699951171875,461.2554931640625,77.88339233398438
2024-01-12,89.09585571289062,37.18925857543945,69.18309020996094,189.7100067138672,461.5749816894531,78.3513412475586
2024-01-16,88.43055725097656,36.28799057006836,68.02188873291016,187.91000366210938,459.8804931640625,77.77542877197266
2024-01-17,88.18781280517578,35.74722671508789,67.37679290771484,185.83999633789062,457.3241882324219,76.35362243652344
2024-01-18,88.10688781738281,36.041324615478516,67.97582244873047,187.3699951171875,461.39105224609375,75.93968963623047
2024-01-19,88.1248779296875,36.42081069946289,68.13248443603516,187.92999267578125,467.1427917480469,76.84855651855469
2024-01-22,88.28670501708984,36.09825134277344,68.34445190429688,187.22000122070312,468.1304626464844,77.30748748779297
2024-01-23,88.0709228515625,36.41132354736328,68.15091705322266,187.9499969482422,469.4958190917969,76.77656555175781
2024-01-24,87.87313079833984,36.81926727294922,68.66699981689453,186.39999389648438,470.009033203125,75.67874145507812
2024-01-25,88.26872253417969,36.866703033447266,68.86053466796875,187.13999938964844,472.5653381347656,76.65058898925781
2024-01-26,88.16983795166016,36.89516067504883,69.16465759277344,187.00999450683594,471.96502685546875,76.43462371826172
2024-01-29,88.52045440673828,36.91413497924805,69.57014465332031,188.3300018310547,475.7026672363281,76.93853759765625
2024-01-30,88.69127655029297,36.620033264160156,69.47798919677734,188.58999633789062,475.3347473144531,76.21864318847656
2024-01-31,89.09585571289062,36.42081069946289,69.1277847290039,188.4499969482422,467.57855224609375,75.48975372314453
2024-02-01,89.603515625,36.77182388305664,69.80976104736328,190.41000366210938,473.6983337402344,76.85755157470703
2024-02-02,88.78297424316406,36.6674690246582,69.2568130493164,188.61000061035156,478.68511962890625,75.90370178222656
2024-02-05,88.0525894165039,36.71491241455078,68.88818359375,187.57000732421875,476.9421081542969,74.31092071533203
2024-02-06,88.51245880126953,37.549774169921875,69.31210327148438,188.5500030517578,478.3267822265625,75.30978393554688
2024-02-07,88.33209991455078,37.59720230102539,69.27523803710938,188.5,482.3161926269531,75.20179748535156
2024-02-08,88.06158447265625,37.388484954833984,69.15543365478516,188.3300018310547,482.529296875,75.81371307373047
2024-02-09,88.0345230102539,37.549774169921875,69.39505004882812,187.60000610351562,485.3180236816406,75.93067932128906
2024-02-12,88.0525894165039,37.843868255615234,69.51485443115234,187.11000061035156,485.1050109863281,75.94867706298828
2024-02-13,87.24102020263672,37.13233947753906,68.44581604003906,184.52999877929688,478.4236755371094,74.38291931152344
2024-02-14,87.62876892089844,37.66360855102539,69.21073150634766,184.4199981689453,482.7713317871094,74.96782684326172
2024-02-15,87.83615112304688,37.843868255615234,69.99407196044922,185.66000366210938,486.1023864746094,76.71358489990234
2024-02-16,87.55665588378906,38.02412414550781,70.10466766357422,186.33999633789062,483.6816711425781,75.92169189453125
2024-02-20,87.63777923583984,38.08103942871094,70.3903579711914,187.47000122070312,481.01873779296875,75.7867202758789
2024-02-21,87.37628173828125,38.14745330810547,70.4456558227539,187.47999572753906,481.4543762207031,76.20964050292969
2024-02-22,87.44843292236328,38.53641891479492,71.23822021484375,187.55999755859375,491.4183349609375,76.35362243652344
2024-02-23,87.77302551269531,38.5174446105957,71.33037567138672,188.6199951171875,491.7572937011719,76.31763458251953
2024-02-26,87.58367919921875,38.3466796875,71.22899627685547,188.1999969482422,489.9562683105469,75.48075103759766
2024-02-27,87.46644592285156,38.42258071899414,71.42253112792969,188.0,490.8664245605469,75.57073974609375
2024-02-28,87.63777923583984,37.919761657714844,71.00782775878906,188.33999633789062,490.21771240234375,76.33563232421875
2024-02-29,87.78204345703125,37.93873977661133,71.19213104248047,189.30999755859375,491.9800109863281,76.98352813720703
2024-03-01,88.20348358154297,38.40359878540039,71.88331604003906,192.88999938964844,496.5987854003906,77.90139770507812
2024-03-04,87.98644256591797,38.31821823120117,71.69900512695312,196.00999450683594,496.0662841796875,78.63029479980469
2024-03-05,88.46576690673828,37.976680755615234,71.56998443603516,197.19000244140625,491.1085205078125,77.67643737792969
2024-03-06,88.60142517089844,38.52693557739258,72.41783142089844,198.80999755859375,493.5970764160156,78.0633773803711
2024-03-07,88.79135131835938,38.76411437988281,73.27491760253906,199.94000244140625,498.4967346191406,78.04537200927734
2024-03-08,88.87271118164062,38.72616195678711,73.0353012084961,201.6300048828125,495.5047302246094,78.94525146484375
2024-03-11,88.77324676513672,38.81154251098633,72.6205825805664,202.0,495.0786437988281,78.56729888916016
2024-03-12,88.54714965820312,39.23846435546875,73.201171875,199.7899932861328,500.40435791015625,78.39632415771484
2024-03-13,88.3843765258789,39.11512756347656,73.21039581298828,201.19000244140625,499.6199645996094,78.0003890991211
2024-03-14,87.82366943359375,38.9159049987793,72.6758804321289,200.35000610351562,498.63232421875,76.83056640625
2024-03-15,87.81462097167969,38.67873001098633,72.70352172851562,199.7100067138672,495.20843505859375,76.65959930419922
2024-03-18,87.72417449951172,38.745140075683594,72.68509674072266,200.02999877929688,498.1514892578125,76.6955795288086
2024-03-19,87.94122314453125,38.55539321899414,72.81411743164062,199.8000030517578,500.91973876953125,76.66857147216797
2024-03-20,88.12211608886719,38.99179458618164,73.58824157714844,202.17999267578125,505.552978515625,77.1725082397461
2024-03-21,88.1854019165039,39.03923797607422,73.55137634277344,201.97000122070312,507.22369384765625,77.73042297363281
2024-03-22,88.46576690673828,38.76411437988281,73.39472198486328,200.35000610351562,506.2620544433594,76.7520751953125
2024-03-25,88.30298614501953,38.79256820678711,73.238037109375,200.99000549316406,504.86334228515625,76.28014373779297
2024-03-26,88.39340209960938,38.76411437988281,73.32097625732422,201.63999938964844,503.9308776855469,75.9715805053711
2024-03-27,88.68282318115234,38.83052062988281,73.76334381103516,203.10000610351562,508.16583251953125,77.9319076538086
2024-03-28,88.57427215576172,38.97282409667969,73.59746551513672,205.72000122070312,508.0686340332031,78.48551940917969
2024-04-01,87.93029022216797,39.03923797607422,73.28411865234375,207.82000732421875,507.18487548828125,77.16954803466797
2024-04-02,87.86679077148438,39.16257095336914,72.76803588867188,210.88999938964844,503.9601135253906,76.19847106933594
2024-04-03,87.92120361328125,39.19103240966797,73.17353820800781,212.74000549316406,504.51373291015625,76.28014373779297
2024-04-04,88.12982940673828,39.04872131347656,72.5468521118164,211.52000427246094,498.35552978515625,75.7900619506836
2024-04-05,87.69444274902344,39.13410186767578,72.77725219726562,215.13999938964844,503.5617370605469,76.18032836914062
2024-04-08,87.61279296875,39.390262603759766,73.13666534423828,216.47999572753906,503.843505859375,76.99710845947266
2024-04-09,87.9121322631836,39.6558952331543,73.12745666503906,217.6699981689453,504.4263610839844,78.02265930175781
2024-04-10,86.85993957519531,39.11512756347656,72.15979766845703,215.61000061035156,499.3753967285156,74.79176330566406
2024-04-11,86.8780746459961,39.35231018066406,72.35332489013672,219.8000030517578,503.1441345214844,75.04586791992188
2024-04-12,87.0413589477539,38.4510383605957,71.18291473388672,216.88999938964844,496.1992492675781,74.1564712524414
2024-04-15,86.5152587890625,38.20437240600586,70.97095489501953,220.9499969482422,489.9826965332031,72.89495086669922
2024-04-16,86.27034759521484,37.70156478881836,70.27055358886719,221.22000122070312,489.089111328125,71.86942291259766
2024-04-17,86.6694564819336,37.673091888427734,70.31663513183594,219.58999633789062,486.194580078125,71.34303283691406
2024-04-18,86.424560546875,37.82489013671875,70.12310028076172,220.33999633789062,485.194091796875,71.35211944580078
2024-04-19,86.5152587890625,37.673091888427734,70.15074920654297,221.02999877929688,480.95916748046875,71.69699096679688
2024-04-22,86.56969451904297,38.08103942871094,70.97095489501953,215.57000732421875,485.38836669921875,72.33226013183594
2024-04-23,86.75108337402344,38.39411163330078,71.74507904052734,215.0399932861328,491.1482849121094,72.99478912353516
2024-04-24,86.5243148803711,38.52693557739258,71.6068344116211,214.63999938964844,490.91522216796875,73.13092803955078
2024-04-25,86.27941131591797,38.61231994628906,71.27507781982422,215.9199981689453,489.05023193359375,72.71344757080078
2024-04-26,86.46989440917969,39.05820846557617,71.84645080566406,216.6199951171875,493.6834716796875,72.749755859375
2024-04-29,86.73295593261719,39.43769073486328,72.12294006347656,216.17999267578125,495.4317626953125,73.49394989013672
2024-04-30,86.37918853759766,38.8874397277832,71.21056365966797,211.8699951171875,487.5835876464844,72.25059509277344
2024-05-01,86.68400573730469,38.92538833618164,71.05389404296875,213.7899932861328,486.0003356933594,72.27782440185547
2024-05-02,87.07524108886719,39.9310188293457,72.01233673095703,213.1300048828125,490.5461120605469,73.29428100585938
2024-05-03,87.52108764648438,40.29153060913086,72.73117065429688,212.9600067138672,496.6265869140625,73.78437805175781
2024-05-06,87.58479309082031,40.32947540283203,73.22882080078125,215.1999969482422,501.755126953125,73.84791564941406
2024-05-07,87.76676177978516,40.10178756713867,73.42235565185547,214.2100067138672,502.3088073730469,74.54670715332031
2024-05-08,87.58479309082031,40.11127471923828,73.33940887451172,213.5800018310547,502.35736083984375,73.92049407958984
2024-05-09,87.74858093261719,40.2346076965332,73.90158081054688,216.9499969482422,505.25189208984375,75.4361343383789
2024-05-10,87.56656646728516,40.31999206542969,74.03981018066406,218.7100067138672,505.9026794433594,75.22737884521484
2024-05-13,87.61209106445312,40.62358093261719,74.03981018066406,216.25999450683594,505.9706726074219,75.4724349975586
2024-05-14,87.84864807128906,40.841773986816406,74.59276580810547,218.08999633789062,508.2920837402344,76.05326080322266
2024-05-15,88.43096160888672,41.27818298339844,75.38533020019531,220.88999938964844,514.5862426757812,77.10601806640625
2024-05-16,88.33090209960938,41.36356735229492,74.9798355102539,220.02999877929688,513.527587890625,77.05156707763672
2024-05-17,88.04881286621094,41.5438232421875,75.23786926269531,223.66000366210938,514.2658081054688,77.04248809814453
2024-05-20,87.96693420410156,41.39202880859375,75.29316711425781,224.55999755859375,514.8582763671875,76.58871459960938
2024-05-21,88.13072204589844,41.13587951660156,75.1733627319336,224.22999572753906,516.1209716796875,76.56149291992188
2024-05-22,88.02154541015625,41.00305938720703,74.46375274658203,220.11000061035156,514.6349487304688,75.87174987792969
2024-05-23,87.77587127685547,40.6994743347168,74.08589172363281,215.72000122070312,510.87591552734375,74.23815155029297
2024-05-24,87.8759536743164,40.81332015991211,74.69414520263672,215.9199981689453,514.255859375,74.29261016845703
2024-05-28,87.46651458740234,40.75639343261719,74.66648864746094,218.19000244140625,514.6155395507812,73.8025131225586
2024-05-29,87.12984466552734,40.14922332763672,73.48686218261719,216.16000366210938,511.0118103027344,73.08554077148438
2024-05-30,87.5392837524414,40.035377502441406,74.10432434082031,216.57000732421875,507.6218566894531,74.1564712524414
2024-05-31,87.82135772705078,39.64641189575195,74.8139419555664,215.3000030517578,512.2453002929688,75.5450210571289
2024-06-03,88.3525619506836,40.0638427734375,75.02590942382812,217.22000122070312,512.6630249023438,75.37259674072266
2024-06-04,88.67201232910156,39.50410079956055,74.93374633789062,215.27000427246094,513.2362060546875,75.95342254638672
2024-06-05,88.94583892822266,40.13973617553711,75.45904541015625,217.82000732421875,519.3359985351562,75.86265563964844
2024-06-06,88.97322845458984,40.33896255493164,75.71710205078125,219.42999267578125,519.3262939453125,76.00787353515625
2024-06-07,88.18830871582031,39.88359069824219,74.89688873291016,211.60000610351562,518.695068359375,75.2909164428711
2024-06-10,88.1152572631836,40.12076187133789,74.84158325195312,213.5399932861328,520.297607421875,75.5450210571289
2024-06-11,88.41647338867188,39.98702621459961,73.99113464355469,214.14999389648438,521.5506591796875,75.27276611328125
2024-06-12,88.83631134033203,40.38822937011719,74.8631591796875,214.72000122070312,525.834228515625,75.9443588256836
2024-06-13,89.28353118896484,40.29270553588867,73.79421997070312,212.97000122070312,526.8930053710938,76.25291442871094
2024-06-14,89.37481689453125,40.34046936035156,72.97845458984375,215.72999572753906,527.2134399414062,76.23477172851562
2024-06-17,89.05538177490234,40.598392486572266,73.26912689208984,214.61000061035156,531.4094848632812,75.93527221679688
2024-06-18,89.37481689453125,40.9709358215332,73.55980682373047,215.47000122070312,532.7595825195312,76.23477172851562
2024-06-20,89.21966552734375,40.90406799316406,73.606689453125,218.16000366210938,531.3124389648438,76.01695251464844
2024-06-21,89.22880554199219,40.760780334472656,73.09097290039062,214.77999877929688,530.6001586914062,76.20755004882812
2024-06-24,89.30180358886719,40.760780334472656,73.67232513427734,215.6300048828125,528.875244140625,76.79745483398438
2024-06-25,89.29268646240234,40.665260314941406,73.85047912597656,214.55999755859375,530.9118041992188,75.85359954833984
2024-06-26,88.89108276367188,40.579280853271484,73.30663299560547,212.5800018310547,531.5745849609375,75.61763000488281
2024-06-27,89.0371322631836,40.60793685913086,73.36289978027344,214.99000549316406,532.41259765625,76.3527603149414
2024-06-28,88.59901428222656,40.68436050415039,73.44729614257812,215.00999450683594,530.3175659179688,76.9619369506836
2024-07-01,88.12381744384766,40.77988815307617,73.57855224609375,215.57000732421875,531.4089965820312,76.2360610961914
2024-07-02,88.41681671142578,40.90406799316406,73.75672149658203,215.55999755859375,534.985107421875,76.59439849853516
2024-07-03,88.89289093017578,41.50588607788086,74.6006088256836,217.99000549316406,537.3726196289062,76.5208969116211
2024-07-05,89.3415298461914,41.677825927734375,75.09757995605469,220.92999267578125,540.4713134765625,76.73223876953125
2024-07-08,89.3690185546875,41.6873779296875,74.72251892089844,218.19000244140625,541.094970703125,76.9803237915039
2024-07-09,89.28659057617188,41.85932540893555,74.4224624633789,218.55999755859375,541.6212158203125,76.9619369506836
2024-07-10,89.37815856933594,42.09813690185547,75.47264099121094,219.36000061035156,546.980712890625,77.53162384033203
2024-07-11,89.8359603881836,42.34650802612305,75.68830871582031,223.25,542.2642822265625,79.75521087646484
2024-07-12,90.0831298828125,42.51844787597656,76.49470520019531,223.11000061035156,545.6845092773438,80.36164855957031
2024-07-15,89.77185821533203,42.06948471069336,75.819580078125,223.8300018310547,547.185302734375,80.90375518798828
2024-07-16,90.13807678222656,42.30829620361328,76.18527221679688,228.2899932861328,550.4302978515625,81.89611053466797
2024-07-17,90.20217895507812,41.62051010131836,75.7820816040039,227.22999572753906,542.7125244140625,82.45659637451172
2024-07-18,89.95496368408203,41.22885513305664,75.03194427490234,225.77999877929688,538.5418701171875,81.73070526123047
2024-07-19,89.77185821533203,40.82765197753906,74.5724868774414,221.72999572753906,534.9656372070312,81.58369445800781
2024-07-22,89.7352294921875,41.171539306640625,75.3601303100586,221.8000030517578,540.4810791015625,82.42903137207031
2024-07-23,89.72607421875,40.80854415893555,74.93817138671875,222.5800018310547,539.63330078125,82.3647232055664
2024-07-24,89.451416015625,40.216285705566406,73.99113464355469,221.8000030517578,527.40380859375,81.15184783935547
2024-07-25,89.69859313964844,40.053890228271484,73.52230834960938,218.3300018310547,524.6558837890625,80.88539123535156
2024-07-26,90.01905822753906,40.46465301513672,74.45996856689453,220.6300048828125,530.5318603515625,82.3003921508789
2024-07-29,90.1655502319336,40.33091735839844,74.13179016113281,220.32000732421875,530.84375,82.72306823730469
2024-07-30,90.25709533691406,40.14942169189453,74.30056762695312,222.52000427246094,528.1541748046875,83.36626434326172
2024-07-31,90.74236297607422,41.028255462646484,75.35073852539062,226.5500030517578,536.7391357421875,83.07222747802734
2024-08-01,91.12257385253906,40.31180953979492,73.35353088378906,225.77000427246094,529.1384887695312,83.90835571289062
2024-08-02,92.14197540283203,39.73865509033203,72.20018768310547,225.33999633789062,519.2867431640625,83.8624267578125
2024-08-05,92.06853485107422,38.6114501953125,70.62492370605469,222.47999572753906,504.1632080078125,81.46424865722656
2024-08-06,91.51747131347656,38.8311653137207,70.74681854248047,220.6999969482422,508.8113098144531,83.07222747802734
2024-08-07,91.2419662475586,39.069976806640625,71.0843734741211,220.5500030517578,505.4103698730469,82.5025405883789
2024-08-08,91.10418701171875,39.958370208740234,72.27521514892578,224.00999450683594,517.0941162109375,83.31112670898438
2024-08-09,91.4256362915039,40.178077697753906,72.55650329589844,224.55999755859375,519.3743286132812,83.69703674316406
2024-08-12,91.5817642211914,40.31180953979492,72.49085998535156,228.41000366210938,519.6472778320312,83.08140563964844
2024-08-13,91.94913482666016,40.760780334472656,73.73796844482422,228.05999755859375,528.1931762695312,83.80730438232422
2024-08-14,92.11441802978516,40.541072845458984,74.00989532470703,226.1999969482422,529.8594970703125,84.02781677246094
2024-08-15,91.72869873046875,40.99004364013672,74.91004943847656,226.91000366210938,538.94140625,83.96348571777344
2024-08-16,91.94913482666016,41.46767044067383,75.32261657714844,231.99000549316406,540.1497802734375,83.91755676269531
2024-08-19,92.05015563964844,41.86888122558594,76.24152374267578,231.61000061035156,545.3143310546875,84.6158676147461
2024-08-20,92.32565307617188,41.54409408569336,76.00711059570312,232.4600067138672,544.4276733398438,84.51480102539062
2024-08-21,92.50016021728516,41.70648193359375,76.71035766601562,232.14999389648438,546.2985229492188,84.96501922607422
2024-08-22,92.12359619140625,41.190643310546875,76.26028442382812,229.3699951171875,542.0108642578125,85.2131118774414
2024-08-23,92.54607391357422,41.8784294128418,77.65740203857422,232.02000427246094,547.7699584960938,87.0875473022461
2024-08-26,92.46343994140625,41.524986267089844,77.31047058105469,232.75999450683594,546.464111328125,87.05079650878906
2024-08-27,92.49098205566406,41.582298278808594,77.66678619384766,233.38999938964844,547.214599609375,87.17941284179688
2024-08-28,92.40833282470703,41.324378967285156,77.39486694335938,231.75,544.037841796875,86.8394546508789
2024-08-29,92.2889175415039,41.34348678588867,77.68553161621094,232.9499969482422,544.08642578125,86.57299041748047
2024-08-30,92.06853485107422,41.42945861816406,77.80743408203125,231.2899932861328,549.2803955078125,87.40914154052734
2024-09-03,92.4572982788086,40.60793685913086,76.57909393310547,230.2899932861328,537.9766845703125,87.36318969726562
2024-09-04,92.86264038085938,40.598392486572266,76.24152374267578,230.42999267578125,536.8756713867188,87.61128234863281
2024-09-05,93.10216522216797,40.655704498291016,76.26028442382812,232.35000610351562,535.56982421875,87.32645416259766
2024-09-06,93.22193908691406,39.91060256958008,74.82566833496094,230.6300048828125,526.55615234375,87.24374389648438
2024-09-09,93.36011505126953,40.24494552612305,75.5757827758789,231.60000610351562,532.4515380859375,88.21771240234375
2024-09-10,93.64572143554688,40.09210205078125,75.20072174072266,232.6199951171875,534.770751953125,89.49490356445312
2024-09-11,93.6180648803711,40.38822937011719,75.65080261230469,232.25,540.257080078125,89.32032012939453
2024-09-12,93.5351333618164,40.722572326660156,76.2696533203125,236.3300018310547,544.8077392578125,89.69703674316406
2024-09-13,93.72859954833984,40.91362380981445,76.44781494140625,238.67999267578125,547.653076171875,90.63424682617188
2024-09-16,93.9497299194336,41.04735565185547,77.0666732788086,238.66000366210938,548.4619140625,90.93748474121094
2024-09-17,93.85758209228516,41.09511947631836,76.6353530883789,237.33999633789062,548.6859130859375,90.303466796875
2024-09-18,93.56278228759766,40.95183181762695,76.39155578613281,235.50999450683594,547.0587158203125,90.1932144165039
2024-09-19,93.57201385498047,41.82111740112305,77.90119171142578,239.1699981689453,556.3938598632812,90.21160888671875
2024-09-20,93.48908996582031,41.735145568847656,77.13231658935547,242.2100067138672,555.4320678710938,89.85325622558594
2024-09-23,93.45223999023438,42.05992889404297,77.42298889160156,242.67999267578125,556.820068359375,90.7445297241211
2024-09-24,93.58122253417969,43.49281311035156,77.88243103027344,246.07000732421875,558.413330078125,90.87315368652344
2024-09-25,93.22193908691406,43.03428649902344,77.46050262451172,245.72999572753906,557.1817626953125,90.2667236328125
2024-09-26,93.24037170410156,44.6104621887207,79.16705322265625,246.97999572753906,559.3908081054688,89.44895935058594
2024-09-27,93.50753021240234,44.52449035644531,78.68883514404297,245.02000427246094,558.5794067382812,89.56294250488281
2024-09-30,93.29561614990234,43.808048248291016,78.41691589355469,243.05999755859375,560.8176879882812,90.26713562011719
2024-10-01,93.5423355102539,44.12328338623047,77.83556365966797,245.61000061035156,555.7938232421875,89.68338775634766
2024-10-02,93.34831237792969,44.9925651550293,77.6761474609375,245.66000366210938,556.0283203125,89.36834716796875
2024-10-03,92.96943664550781,44.45762252807617,76.95414733886719,245.49000549316406,555.01171875,88.55297088623047
2024-10-04,92.3687973022461,44.86838150024414,77.40423583984375,245.0,560.055419921875,88.12673950195312
2024-10-07,92.05462646484375,45.240936279296875,76.972900390625,244.1699981689453,554.9921264648438,87.34840393066406
2024-10-08,92.21170806884766,44.12328338623047,76.85101318359375,242.3699951171875,560.2410888671875,87.52445983886719
2024-10-09,91.9714584350586,43.88446807861328,76.86976623535156,241.0500030517578,564.1217041015625,87.61712646484375
2024-10-10,91.91600799560547,43.97043991088867,76.77599334716797,242.82000732421875,563.1343383789062,86.83879852294922
2024-10-11,91.94373321533203,44.28567886352539,77.16981506347656,245.47000122070312,566.5065307617188,87.82096862792969
2024-10-14,91.86056518554688,44.10417556762695,77.39486694335938,245.07000732421875,571.1396484375,88.34910583496094
2024-10-15,92.23017883300781,43.168025970458984,76.1102523803711,245.9199981689453,566.7020874023438,89.41468048095703
2024-10-16,92.3503189086914,43.50236892700195,76.30716705322266,247.14999389648438,569.1652221679688,90.39684295654297
2024-10-17,91.89752960205078,43.43550491333008,76.31654357910156,248.6300048828125,569.214111328125,89.68338775634766
2024-10-18,91.96221160888672,43.86536407470703,76.83226776123047,251.27000427246094,571.4035034179688,90.35052490234375
2024-10-21,91.3246078491211,43.55967712402344,75.9227294921875,251.22000122070312,570.4651489257812,88.58075714111328
2024-10-22,91.34310913085938,43.46415710449219,75.49140167236328,253.92999267578125,570.1621704101562,88.71047973632812
2024-10-23,91.1120834350586,43.20623779296875,74.73188781738281,250.8699951171875,564.952392578125,89.35909271240234
2024-10-24,91.28765869140625,43.13936996459961,75.15384674072266,252.8000030517578,566.1742553710938,89.55368041992188
2024-10-25,91.10284423828125,43.101158142089844,74.90066528320312,253.32000732421875,565.9786987304688,88.71047973632812
2024-10-28,90.95499420166016,43.292205810546875,75.50077056884766,253.3300018310547,567.7283325195312,88.98845672607422
2024-10-29,91.05662536621094,43.15847396850586,75.22885131835938,256.0899963378906,568.6471557617188,88.34910583496094
2024-10-30,90.9642105102539,42.738162994384766,74.74126434326172,257.5,566.9268798828125,88.73827362060547
2024-10-31,90.94574737548828,42.46113586425781,74.28182220458984,253.50999450683594,555.8133544921875,87.23722076416016
2024-11-01,90.58421325683594,42.499351501464844,74.43183135986328,252.47000122070312,558.1591186523438,86.27357482910156
2024-11-04,90.96428680419922,42.738162994384766,74.48809814453125,252.8300018310547,556.9569702148438,87.21868896484375
2024-11-05,91.177490234375,43.320865631103516,75.22885131835938,253.39999389648438,563.6915283203125,88.37692260742188
2024-11-06,90.46370697021484,42.78592300415039,74.14115905761719,245.6999969482422,577.7080078125,86.49596405029297
2024-11-07,91.1496810913086,43.73162841796875,75.266357421875,249.64999389648438,582.1749267578125,87.53373718261719
2024-11-08,91.3072738647461,42.652191162109375,74.22555541992188,247.9600067138672,584.69677734375,88.84019470214844
2024-11-11,91.10331726074219,42.3274040222168,74.24430084228516,242.13999938964844,585.25390625,88.39544677734375
2024-11-12,90.57495880126953,41.524986267089844,72.86592864990234,240.0500030517578,583.4358520507812,87.17236328125
2024-11-13,90.5564193725586,41.257511138916016,72.43460845947266,237.6300048828125,583.7192993164062,87.65419006347656
2024-11-14,90.51934051513672,41.028255462646484,72.58464050292969,237.00999450683594,579.9658813476562,86.86659240722656
2024-11-15,90.52861022949219,41.028255462646484,72.32208251953125,236.58999633789062,572.537353515625,86.91292572021484
2024-11-18,90.61204528808594,41.4963264465332,72.7159194946289,241.08999633789062,574.8832397460938,87.54299926757812
2024-11-19,90.74181365966797,41.46767044067383,72.62213897705078,243.25,576.9847412109375,87.96922302246094
2024-11-20,90.64910888671875,41.41990661621094,72.42523193359375,244.6199951171875,577.1802978515625,87.85802459716797
2024-11-21,90.60276794433594,41.33393859863281,72.4439926147461,246.66000366210938,580.2787475585938,88.50662994384766
2024-11-22,90.66764831542969,41.34348678588867,72.72528839111328,249.83999633789062,582.0772094726562,89.17376708984375
2024-11-25,91.48339080810547,41.37215042114258,73.10034942626953,242.47999572753906,584.0516967773438,90.4153823852539
2024-11-26,91.3443374633789,41.200199127197266,72.67840576171875,242.9499969482422,587.1012573242188,90.7767562866211
2024-11-27,91.5946273803711,41.257511138916016,73.07221984863281,243.49000549316406,585.3223266601562,91.3604965209961
2024-11-29,91.95614624023438,41.324378967285156,74.04739379882812,245.58999633789062,588.9583129882812,90.95279693603516
2024-12-02,91.9673080444336,41.48677444458008,74.2536849975586,243.44000244140625,590.0140380859375,89.62779235839844
2024-12-03,91.7906265258789,41.572750091552734,74.6756362915039,243.92999267578125,590.2876586914062,89.17376708984375
2024-12-04,92.08818817138672,41.677825927734375,74.73188781738281,244.6699981689453,593.953125,88.93285369873047
2024-12-05,92.1067886352539,41.95485305786133,75.09757995605469,242.86000061035156,592.9756469726562,88.7197494506836
2024-12-06,92.36714935302734,41.88798522949219,75.08821105957031,242.9499969482422,594.0997924804688,88.59002685546875
2024-12-09,92.09748077392578,42.74771499633789,75.04131317138672,245.36000061035156,591.0403442382812,88.84019470214844
2024-12-10,91.98591613769531,42.05992889404297,74.36620330810547,248.58999633789062,589.2027587890625,87.55226135253906
2024-12-11,91.77204895019531,42.231876373291016,74.83502960205078,250.9600067138672,593.7576904296875,87.34840393066406
2024-12-12,91.40007781982422,42.021724700927734,74.17867279052734,247.27999877929688,590.6983032226562,87.20941925048828
2024-12-13,91.05601501464844,42.05992889404297,73.97237396240234,244.2899932861328,590.5809326171875,86.9592514038086
2024-12-16,91.13967895507812,41.83066940307617,73.72858428955078,244.8800048828125,593.1028442382812,86.65348052978516
2024-12-17,91.13967895507812,41.730613708496094,73.61167907714844,243.94000244140625,590.6591186523438,86.23651885986328
2024-12-18,90.44560241699219,40.75923538208008,71.80584716796875,239.25999450683594,573.0554809570312,82.678466796875
2024-12-19,90.2123794555664,40.89522933959961,71.5777359008789,239.60000610351562,572.87939453125,81.39979553222656
2024-12-20,90.4549331665039,41.060359954833984,71.37814331054688,242.10000610351562,579.7603149414062,82.77112579345703
2024-12-23,90.17506408691406,41.29349136352539,71.84385681152344,240.9600067138672,583.2320556640625,83.0948257446289
2024-12-24,90.27767181396484,41.419776916503906,72.10047912597656,241.44000244140625,589.7147827148438,83.64679718017578
2024-12-26,90.34297943115234,41.274070739746094,72.44264221191406,243.07000732421875,589.7539672851562,83.87132263183594
2024-12-27,90.15641021728516,41.08950424194336,72.33808898925781,241.39999389648438,583.5459594726562,83.02934265136719
2024-12-30,90.51089477539062,40.75923538208008,71.86287689208984,240.6300048828125,576.88671875,82.61770629882812
2024-12-31,90.39897918701172,40.62323760986328,71.86287689208984,242.1300048828125,574.7879638671875,83.33805847167969
2025-01-02,90.40828704833984,40.56495666503906,71.61575317382812,245.4199981689453,573.375732421875,82.59898376464844
2025-01-03,90.31499481201172,40.94379806518555,71.92939758300781,243.49000549316406,580.544921875,83.68421173095703
2025-01-06,90.22171783447266,41.08950424194336,72.61371612548828,243.19000244140625,583.8892211914062,82.60833740234375
2025-01-07,89.90453338623047,40.79808807373047,72.55669403076172,244.55999755859375,577.288818359375,81.8224868774414
2025-01-08,90.00716400146484,40.60380935668945,72.44264221191406,245.86000061035156,578.1322631835938,82.03765869140625
2025-01-10,89.50338745117188,39.91413116455078,71.34012603759766,248.2100067138672,569.3056030273438,80.03561401367188
2025-01-13,89.41939544677734,39.64214324951172,71.1405258178711,245.74000549316406,570.1884155273438,81.0179214477539
2025-01-14,89.44740295410156,40.08898162841797,71.39715576171875,247.02999877929688,570.972900390625,81.75698852539062
2025-01-15,90.22171783447266,40.613529205322266,72.30957794189453,248.8800048828125,581.3590087890625,82.22477722167969
2025-01-16,90.4176254272461,40.56495666503906,72.68025207519531,250.60000610351562,580.2409057617188,83.92745208740234
2025-01-17,90.4176254272461,40.8855094909668,72.97488403320312,249.27000427246094,586.06640625,83.87132263183594
2025-01-21,90.71614074707031,41.322635650634766,74.44807434082031,253.1300048828125,591.430908203125,85.44303894042969
2025-01-22,90.50160217285156,41.351776123046875,74.27699279785156,254.42999267578125,594.7557983398438,83.95552062988281
2025-01-23,90.35230255126953,41.44891357421875,74.8852767944336,254.07000732421875,598.0018920898438,84.57298278808594
2025-01-24,90.50160217285156,41.72090530395508,75.30347442626953,255.64999389648438,596.256103515625,84.86299133300781
2025-01-27,91.00535583496094,40.96322250366211,75.30347442626953,252.99000549316406,587.8218383789062,85.99501037597656
2025-01-28,90.97735595703125,41.26435089111328,75.20841979980469,255.17999267578125,592.8726806640625,84.95654296875
2025-01-29,90.92138671875,41.274070739746094,75.19892120361328,254.1999969482422,590.21484375,83.83389282226562
2025-01-30,91.05201721191406,41.97346115112305,76.02580261230469,258.04998779296875,593.382568359375,84.9004135131836
2025-01-31,90.86543273925781,41.49748229980469,75.31297302246094,258.55999755859375,590.2247314453125,84.71331787109375
2025-02-03,90.95154571533203,41.19635772705078,74.4290542602539,259.94000244140625,586.2527465820312,84.53556060791016
2025-02-04,91.12001037597656,41.93460464477539,75.2939682006836,262.5,590.1854248046875,84.60104370117188
2025-02-05,91.60674285888672,41.827754974365234,76.02580261230469,264.1300048828125,592.578369140625,85.78917694091797
2025-02-06,91.51313781738281,42.00260543823242,76.38697814941406,263.42999267578125,594.6380004882812,86.00434112548828
2025-02-07,91.22298431396484,41.963748931884766,75.66462707519531,263.8999938964844,589.1950073242188,85.72367858886719
2025-02-10,91.25106048583984,42.468868255615234,76.1778793334961,268.3699951171875,593.1963500976562,85.68627166748047
2025-02-11,91.0451431274414,42.303733825683594,76.53904724121094,267.3900146484375,593.6474609375,86.06047821044922
2025-02-12,90.56776428222656,42.536865234375,76.82417297363281,267.6700134277344,591.7349243164062,85.2652816772461
2025-02-13,91.11065673828125,42.8088493347168,77.75559997558594,270.30999755859375,597.9822998046875,86.11662292480469
2025-02-14,91.44761657714844,43.139122009277344,77.86965942382812,266.2900085449219,597.952880859375,85.72367858886719
2025-02-18,91.08255767822266,43.411109924316406,78.43041229248047,270.70001220703125,599.7083740234375,86.10726165771484
2025-02-19,91.21361541748047,43.34311294555664,77.62254333496094,270.8500061035156,601.1206665039062,86.1727523803711
2025-02-20,91.35403442382812,43.74137878417969,77.98371124267578,270.989990234375,598.6197509765625,86.58438873291016
2025-02-21,91.74713897705078,43.6151008605957,77.49899291992188,270.739990234375,588.3809814453125,85.73304748535156
2025-02-24,91.90626525878906,42.944847106933594,77.45146179199219,272.2099914550781,585.7035522460938,86.06983947753906
2025-02-25,92.47721862792969,42.97399139404297,78.15478515625,268.6199951171875,582.7906494140625,87.12699890136719
2025-02-26,92.62698364257812,43.401397705078125,78.25933837890625,269.0299987792969,583.0849609375,86.76213836669922
2025-02-27,92.486572265625,42.55629348754883,77.37543487548828,264.92999267578125,573.77783203125,87.10829162597656
2025-02-28,92.89842987060547,41.97346115112305,77.5370101928711,263.2699890136719,582.73193359375,87.84737396240234
2025-03-03,93.09933471679688,41.604339599609375,78.39241027832031,266.739990234375,572.5224609375,88.25900268554688
2025-03-04,92.86461639404297,41.95403289794922,78.3733901977539,269.05999755859375,565.74560546875,87.2392807006836
2025-03-05,92.54539489746094,43.207122802734375,80.24576568603516,269.6199951171875,571.826171875,88.21224212646484
2025-03-06,92.4515151977539,42.93513107299805,79.41888427734375,268.25,561.675537109375,85.94822692871094
2025-03-07,92.33885192871094,43.148834228515625,80.24576568603516,268.3900146484375,564.8236694335938,86.46276092529297
2025-03-10,92.78012084960938,42.119171142578125,78.35438537597656,266.0400085449219,549.7792358398438,85.63013458251953
2025-03-11,92.4515151977539,42.468868255615234,78.08826446533203,269.1600036621094,545.2090454101562,84.62911224365234
2025-03-12,92.17925262451172,42.70199966430664,78.64901733398438,270.3299865722656,548.1021728515625,84.36714935302734
2025-03-13,92.46089935302734,42.52714920043945,78.12627410888672,275.1300048828125,540.7957763671875,82.70188903808594
2025-03-14,92.27311706542969,43.30426025390625,79.56144714355469,275.239990234375,551.96630859375,84.3578109741211
2025-03-17,92.39517211914062,44.04250717163086,80.45486450195312,276.7300109863281,556.2228393554688,85.79853820800781
2025-03-18,92.48905944824219,43.819091796875,80.44535827636719,279.9599914550781,550.2108764648438,85.34947967529297
2025-03-19,92.76134490966797,43.92594528198242,80.68296813964844,281.1099853515625,556.2030639648438,85.45238494873047
2025-03-20,92.81768798828125,43.51795959472656,80.00814819335938,280.75,554.5946655273438,85.39625549316406
2025-03-21,92.70500946044922,43.30426025390625,79.51392364501953,278.489990234375,554.7776489257812,84.45134735107422
2025-03-24,92.3482437133789,43.49853515625,79.5044174194336,277.25,564.712890625,85.75177001953125
2025-03-25,92.43273162841797,43.37225341796875,79.94161987304688,278.4700012207031,566.0703735351562,84.78959655761719
2025-03-26,92.20741271972656,43.109981536865234,78.9056396484375,278.239990234375,559.3124389648438,85.12039184570312
2025-03-27,92.16046905517578,43.32368469238281,79.07671356201172,281.9700012207031,557.8271484375,84.90301513671875
2025-03-28,92.69563293457031,42.51743698120117,78.3733901977539,284.05999755859375,546.5933227539062,84.78959655761719
2025-03-31,92.87401580810547,42.44944381713867,77.67957305908203,288.1400146484375,550.2625122070312,85.5740737915039
2025-04-01,93.21783447265625,42.58543014526367,77.79362487792969,287.57000732421875,551.816650390625,85.61187744140625
2025-04-02,93.11421203613281,42.64371871948242,77.97420501708984,288.1600036621094,555.3087768554688,86.13170623779297
2025-04-03,93.6040267944336,41.740333557128906,76.33944702148438,286.4200134277344,527.9428100585938,83.1922836303711
2025-04-04,93.6888198852539,39.418724060058594,71.30210876464844,279.7200012207031,497.0354309082031,79.5818099975586
2025-04-07,92.5019302368164,37.951934814453125,69.5818099975586,273.7099914550781,496.1501159667969,77.49301147460938
2025-04-08,92.02153015136719,37.41767883300781,69.34420013427734,275.20001220703125,488.3790283203125,75.41368865966797
2025-04-09,92.228759765625,40.011268615722656,74.69517517089844,285.3800048828125,539.6683349609375,79.9126205444336
2025-04-10,91.50343322753906,39.32158660888672,73.22200775146484,292.3500061035156,516.0205078125,78.08847045898438
2025-04-11,91.40922546386719,40.555240631103516,75.05635070800781,297.92999267578125,525.227783203125,79.04307556152344
2025-04-14,91.94615936279297,40.92436981201172,75.86422729492188,296.2300109863281,530.3233032226562,80.67817687988281
2025-04-15,92.1345443725586,40.8855094909668,76.54854583740234,297.7799987792969,528.837890625,80.9239273071289
2025-04-16,92.42655944824219,40.4095344543457,76.25391387939453,307.4700012207031,517.0828247070312,80.8672103881836
2025-04-17,92.19107055664062,40.72037887573242,77.08079528808594,306.1199951171875,517.8206176757812,82.07699584960938
2025-04-21,91.63531494140625,40.710662841796875,76.66260528564453,315.5899963378906,505.4950866699219,80.36627960205078
2025-04-22,91.80487060546875,41.322635650634766,78.24983215332031,311.1099853515625,518.64697265625,81.92578887939453
2025-04-23,92.03094482421875,41.798614501953125,78.56348419189453,303.6499938964844,526.6836547851562,82.07699584960938
2025-04-24,92.53960418701172,42.2843017578125,79.60897064208984,308.07000732421875,537.769775390625,82.37947082519531
2025-04-25,92.87872314453125,42.20659255981445,79.95112609863281,304.7300109863281,541.6553344726562,82.23768615722656
2025-04-28,93.133056640625,42.2843017578125,80.4833755493164,309.07000732421875,541.8618774414062,82.7480697631836
2025-04-29,93.35911560058594,42.400875091552734,80.64494323730469,306.05999755859375,545.2752685546875,83.1922836303711
2025-04-30,93.27435302734375,42.50772476196289,80.54991149902344,303.7699890136719,545.49169921875,83.48529052734375
2025-05-01,93.02013397216797,42.498008728027344,80.29328918457031,297.4599914550781,549.3575439453125,83.7593765258789
2025-05-02,92.5665054321289,43.71223831176758,81.83299255371094,297.9800109863281,557.5123291015625,84.78959655761719
2025-05-05,92.40585327148438,44.04250717163086,81.97557067871094,306.8800048828125,554.3153686523438,84.60057067871094
2025-05-06,92.6326675415039,43.86766052246094,81.87100982666016,315.4800109863281,549.6821899414062,83.94840240478516
2025-05-07,92.77442169189453,43.36254119873047,81.59538269042969,310.75,551.9938354492188,84.04292297363281
2025-05-08,92.2924575805664,43.333396911621094,81.31026458740234,304.6300048828125,555.8400268554688,83.71212768554688
2025-05-09,92.386962890625,43.62481689453125,81.70944213867188,306.8399963378906,555.1317749023438,84.26976013183594
2025-05-12,92.07508850097656,44.56705856323242,82.12763977050781,298.19000244140625,573.4774780273438,84.68563079833984
2025-05-13,91.98059844970703,44.64476776123047,82.232177734375,299.4599914550781,577.2647094726562,83.60814666748047
2025-05-14,91.71598052978516,44.98474884033203,81.83299255371094,293.1600036621094,578.00244140625,82.78587341308594
2025-05-15,92.23574829101562,44.96532440185547,82.7264175415039,297.8399963378906,580.8255004882812,84.29812622070312
2025-05-16,92.2924575805664,44.936180114746094,82.91650390625,294.239990234375,584.5045776367188,85.34724426269531
2025-05-19,92.26409149169922,45.03331756591797,83.70537567138672,298.0299987792969,585.1439208984375,85.36614227294922
2025-05-20,92.10344696044922,44.98474884033203,84.10456085205078,303.5799865722656,583.176513671875,84.8652114868164
2025-05-21,91.49861145019531,44.86818313598633,83.6103286743164,305.82000732421875,573.3495483398438,82.60629272460938
2025-05-22,91.76322937011719,44.722476959228516,83.56279754638672,303.1099853515625,573.5758666992188,82.22824096679688
2025-05-23,91.8955307006836,44.90704345703125,83.6768569946289,309.75,569.6607055664062,82.31329345703125
2025-05-27,92.31135559082031,44.80018615722656,84.89342498779297,304.5,581.5043334960938,83.74992370605469
2025-05-28,92.14126586914062,44.596195220947266,83.91446685791016,303.80999755859375,578.14013671875,83.66486358642578
2025-05-29,92.48146057128906,44.76133728027344,84.28514099121094,305.6099853515625,580.4223022460938,84.42098999023438
2025-05-30,92.70825958251953,44.21735763549805,84.40869903564453,303.6000061035156,579.7730102539062,84.42098999023438
2025-06-02,92.46459197998047,44.53791427612305,85.31161499023438,311.6700134277344,583.0389404296875,84.5344009399414
2025-06-03,92.3982162475586,44.64476776123047,84.66532135009766,308.9100036621094,586.3637084960938,84.36427307128906
2025-06-04,92.94815826416016,45.198455810546875,85.04549407958984,310.8999938964844,586.2062377929688,84.60057067871094
2025-06-05,92.71111297607422,45.43158721923828,84.98845672607422,309.3299865722656,583.3733520507812,84.5344009399414
2025-06-06,92.2370376586914,45.57728958129883,85.2926025390625,305.17999267578125,589.364013671875,84.9408187866211
2025-06-09,92.35079956054688,45.96584701538086,85.2831039428711,306.6199951171875,589.8950805664062,85.05423736572266
2025-06-10,92.55941009521484,46.22812271118164,85.39715576171875,306.7099914550781,593.2396850585938,85.7820053100586
2025-06-11,92.87230682373047,46.42239761352539,85.25458526611328,308.3699951171875,591.5477294921875,85.31886291503906
2025-06-12,93.21363067626953,46.50010681152344,85.91039276123047,312.20001220703125,593.8987426757812,85.73474884033203
2025-06-13,92.88178253173828,45.76185989379883,84.8078842163086,316.2900085449219,587.2589111328125,84.90301513671875
2025-06-16,92.69214630126953,46.32286834716797,85.12599182128906,311.7799987792969,592.84619140625,84.96917724609375
2025-06-17,92.9765853881836,45.714778900146484,84.08174133300781,311.94000244140625,587.7802124023438,84.66673278808594
2025-06-18,93.04296112060547,45.7049674987793,84.22677612304688,310.260009765625,587.691650390625,84.95972442626953
2025-06-20,93.1282958984375,45.44015884399414,83.47259521484375,310.1300048828125,586.3114624023438,84.90301513671875
2025-06-23,93.31794738769531,45.81285858154297,84.10108184814453,311.0799865722656,592.1027221679688,86.17897033691406
2025-06-24,93.69721221923828,46.99961853027344,85.12599182128906,306.19000244140625,598.6438598632812,86.40579223632812
2025-06-25,93.6877212524414,47.03884506225586,84.66188049316406,307.1199951171875,598.9793090820312,84.32647705078125
2025-06-26,93.94371032714844,47.35270309448242,85.60944366455078,306.7799987792969,603.6655883789062,84.24820709228516
2025-06-27,93.67823028564453,47.166351318359375,86.38296508789062,301.2200012207031,606.664794921875,84.45818328857422
2025-06-30,94.05750274658203,47.313472747802734,86.43131256103516,304.8299865722656,609.5654296875,85.00221252441406
2025-07-01,93.970947265625,47.4017448425293,86.2862777709961,307.54998779296875,609.3681030273438,85.62260437011719
2025-07-02,93.85679626464844,47.60770797729492,86.53766632080078,309.25,612.130615234375,85.82302856445312
2025-07-03,93.66655731201172,47.823482513427734,86.5570068359375,307.1400146484375,616.9549560546875,85.91847229003906
2025-07-07,93.33362579345703,47.14673614501953,85.61911010742188,307.3699951171875,612.357421875,85.18355560302734
2025-07-08,93.29557800292969,47.440975189208984,86.24759674072266,304.1600036621094,612.0220336914062,85.05948638916016
2025-07-09,93.68557739257812,47.362510681152344,86.89542388916016,305.5199890136719,615.6921997070312,85.12630462646484
2025-07-10,93.65705108642578,47.490013122558594,86.83740234375,306.20001220703125,617.4285888671875,85.66077423095703
2025-07-11,93.26705169677734,47.33308792114258,86.00586700439453,309.1400146484375,615.2579345703125,85.67032623291016
2025-07-14,93.25752258300781,47.4017448425293,86.00586700439453,308.010009765625,616.43212890625,86.22389221191406
2025-07-15,92.9816665649414,47.745018005371094,85.10665130615234,306.7300109863281,613.7979125976562,84.95449829101562
2025-07-16,93.11485290527344,47.970603942871094,85.4547348022461,308.260009765625,615.8499755859375,85.75621032714844
2025-07-17,93.15289306640625,48.24522399902344,85.6771240234375,307.5899963378906,619.6187133789062,85.66077423095703
2025-07-18,93.32410430908203,48.13733673095703,85.4354019165039,308.3900146484375,619.1649780273438,85.84212493896484
2025-07-21,93.5809326171875,48.451194763183594,85.88984680175781,313.1300048828125,620.3389892578125,86.19526672363281
2025-07-22,93.76168060302734,48.48061752319336,86.3636245727539,316.1000061035156,620.4277954101562,87.67465209960938
2025-07-23,93.55239868164062,48.971012115478516,88.51014709472656,312.17999267578125,625.7060546875,87.84642791748047
2025-07-24,93.4953384399414,48.70619583129883,87.8526611328125,310.2699890136719,625.9132080078125,87.54103088378906
2025-07-25,93.64753723144531,48.55907440185547,87.74629211425781,307.3999938964844,628.5572509765625,87.5505599975586
2025-07-28,93.52388000488281,48.23542022705078,86.3346176147461,305.4100036621094,628.3994140625,86.14753723144531
2025-07-29,94.02801513671875,48.255035400390625,86.16057586669922,306.25,626.741943359375,87.5314712524414
2025-07-30,93.76168060302734,47.90195083618164,85.54176330566406,300.9599914550781,625.95263671875,86.29071044921875
2025-07-31,93.80924224853516,47.62732696533203,84.62319946289062,302.9599914550781,623.6046142578125,85.07857513427734
2025-08-01,94.6204833984375,47.27423858642578,84.40081787109375,309.1099853515625,613.3834838867188,84.86859130859375
2025-08-04,94.69684600830078,47.7646369934082,85.52242279052734,310.9100036621094,622.7066650390625,85.73712921142578
2025-08-05,94.72547149658203,47.90195083618164,85.51275634765625,311.1600036621094,619.5496215820312,86.12844848632812
2025-08-06,94.68730163574219,48.12752914428711,86.07355499267578,310.5,624.2952880859375,85.46034240722656
2025-08-07,94.61094665527344,48.52965545654297,86.84707641601562,313.1199951171875,623.7722778320312,85.70850372314453
2025-08-08,94.42960357666016,48.490421295166016,87.37887573242188,313.04998779296875,628.6361694335938,85.00221252441406
2025-08-11,94.49642944335938,48.353111267089844,87.01144409179688,308.54998779296875,627.3931274414062,84.43910217285156
2025-08-12,94.49642944335938,48.94158935546875,88.07503509521484,308.2699890136719,634.0723266601562,84.91632080078125
2025-08-13,94.84001922607422,49.53006362915039,88.6068344116211,309.2099914550781,636.242919921875,85.70850372314453
2025-08-14,94.57276153564453,48.921974182128906,88.61650848388672,307.25,636.302001953125,85.09765625
2025-08-15,94.42960357666016,48.98081970214844,89.13863372802734,307.42999267578125,634.8123168945312,85.58441925048828
2025-08-18,94.32463073730469,49.2652473449707,89.04193878173828,306.95001220703125,634.674072265625,84.85906219482422
2025-08-19,94.50594329833984,48.86312484741211,89.0516128540039,305.2699890136719,631.23095703125,86.31934356689453
2025-08-20,94.56320190429688,48.79446792602539,89.37068939208984,308.3599853515625,629.5536499023438,86.56748962402344
2025-08-21,94.34371948242188,48.686580657958984,88.80988311767578,307.2900085449219,627.0281372070312,86.3097915649414
2025-08-22,94.8686294555664,49.65756607055664,90.14421844482422,310.5799865722656,636.6572265625,87.98006439208984
2025-08-25,94.72547149658203,49.37313461303711,88.95491790771484,309.8299865722656,633.8552856445312,87.47421264648438
2025-08-26,94.84001922607422,49.245635986328125,88.85823822021484,312.0799865722656,636.5092163085938,87.24515533447266
2025-08-27,94.9354476928711,48.95139694213867,88.64551544189453,312.7099914550781,637.95947265625,87.78917694091797
2025-08-28,95.04998016357422,49.13774871826172,88.97425842285156,315.0299987792969,640.2188110351562,87.56010437011719
2025-08-29,94.9259033203125,48.90235900878906,88.45213317871094,318.07000732421875,636.400634765625,88.03731536865234
2025-09-02,94.674072265625,48.86312484741211,87.58192443847656,325.5899963378906,631.6847534179688,86.57704162597656
2025-09-03,95.0187759399414,49.049476623535156,87.71728515625,328.1400146484375,635.1082763671875,86.62476348876953
2025-09-04,95.40180206298828,48.892547607421875,88.3554458618164,326.69000244140625,640.4161376953125,87.27377319335938
2025-09-05,95.85186004638672,49.48102569580078,88.75187683105469,331.04998779296875,638.561279296875,88.2568588256836
2025-09-08,96.17743682861328,49.93218994140625,89.64142608642578,334.82000732421875,640.1300048828125,87.74144744873047
2025-09-09,95.98591613769531,50.206809997558594,89.34168243408203,334.05999755859375,641.6099243164062,87.54103088378906
2025-09-10,96.17743682861328,50.55009078979492,89.32234191894531,335.260009765625,643.4647216796875,87.39785766601562
2025-09-11,96.359375,51.28568649291992,90.26991271972656,334.760009765625,648.8119506835938,88.99176788330078
2025-09-12,96.273193359375,51.25625991821289,89.91215515136719,335.4200134277344,648.5949096679688,88.58135986328125
2025-09-15,96.43598175048828,51.628963470458984,90.51163482666016,338.9100036621094,652.0480346679688,88.43819427490234
2025-09-16,96.4742660522461,52.011470794677734,90.26023864746094,339.5899963378906,651.1502075195312,87.97051239013672
2025-09-17,96.30193328857422,52.23705291748047,89.92182159423828,336.9700012207031,650.3411865234375,87.8559799194336
2025-09-18,96.03379821777344,52.10955047607422,90.26991271972656,335.6199951171875,653.3799438476562,88.046875
2025-09-19,96.03379821777344,51.991851806640625,89.92182159423828,339.17999267578125,656.6160278320312,87.47421264648438
2025-09-22,95.91889190673828,52.246864318847656,90.21189880371094,345.04998779296875,659.7224731445312,87.49330139160156
2025-09-23,96.07211303710938,52.276283264160156,90.03784942626953,346.4599914550781,656.1312255859375,87.97051239013672
2025-09-24,95.89016723632812,52.0997428894043,89.5157241821289,343.32000732421875,654.0436401367188,87.1052474975586
2025-09-25,95.756103515625,51.79569625854492,88.87757110595703,344.75,651.0263061523438,86.84508514404297
2025-09-26,95.8231430053711,51.69761657714844,89.56407165527344,346.739990234375,654.7560424804688,87.70263671875
2025-09-29,96.00506591796875,52.16839599609375,89.91215515136719,352.4599914550781,656.5962524414062,87.73155975341797
2025-09-30,95.99549865722656,52.374366760253906,90.27957916259766,355.4700012207031,659.0695190429688,88.08806610107422
2025-10-01,96.24047088623047,52.78629684448242,91.02409362792969,356.0299987792969,661.3153076171875,88.22296905517578
2025-10-02,96.34614562988281,53.031494140625,91.16912841796875,354.7900085449219,662.0770263671875,87.76046752929688
2025-10-03,96.24047088623047,53.18842315673828,91.93297576904297,357.6400146484375,662.0671997070312,88.08806610107422
2025-10-06,96.02910614013672,53.433624267578125,92.14569854736328,364.3800048828125,664.4415283203125,87.25941467285156
2025-10-07,96.19243621826172,53.021690368652344,91.34317016601562,366.260009765625,661.9781494140625,86.94145202636719
2025-10-08,96.20204162597656,53.44343185424805,91.61389923095703,372.29998779296875,665.925537109375,86.48857116699219
2025-10-09,96.08675384521484,52.89418411254883,90.85972595214844,365.42999267578125,663.996337890625,86.01643371582031
2025-10-10,96.48063659667969,50.942405700683594,89.18697357177734,369.1199951171875,646.0499877929688,84.91798400878906
2025-10-13,96.66316986083984,52.42340850830078,89.9024887084961,378.0899963378906,655.9630126953125,85.45757293701172
2025-10-14,96.81686401367188,51.9526252746582,90.30858612060547,380.7900085449219,655.1616821289062,86.33441162109375
2025-10-15,96.7784423828125,52.80591583251953,90.74369049072266,387.3900146484375,658.0703125,87.58702850341797
2025-10-16,97.12428283691406,53.149192810058594,91.21746826171875,396.45001220703125,653.5887451171875,87.2786865234375
2025-10-17,96.98979949951172,53.13938522338867,91.38185119628906,388.989990234375,657.2986450195312,87.8471908569336
2025-10-20,97.15310668945312,53.865169525146484,92.13602447509766,403.1499938964844,664.1348876953125,88.73365020751953
2025-10-21,97.24916076660156,53.26688766479492,91.45919036865234,377.239990234375,664.1249389648438,88.4831314086914
2025-10-22,97.23956298828125,53.21784591674805,91.3238296508789,377.2799987792969,660.6722412109375,88.85891723632812
2025-10-23,97.066650390625,53.688629150390625,91.749267578125,378.7900085449219,664.5899658203125,88.80110931396484
2025-10-24,97.16270446777344,54.04171371459961,91.89430236816406,377.5199890136719,670.0213623046875,89.06127166748047
2025-10-27,97.22997283935547,54.63999557495117,92.53245544433594,367.010009765625,677.9260864257812,89.31178283691406
2025-10-28,97.28759765625,54.62038040161133,92.49378204345703,364.3800048828125,679.7265625,87.55811309814453
2025-10-29,96.82648468017578,54.934234619140625,91.9716567993164,363.0,680.0531616210938,85.30340576171875
2025-10-30,96.64393615722656,54.36537551879883,91.56555938720703,370.1300048828125,672.5738525390625,85.70809936523438
2025-10-31,96.58631896972656,54.23787307739258,91.36251068115234,368.1199951171875,674.780029296875,85.92971801757812
2025-11-03,96.4677505493164,54.581153869628906,91.40118408203125,368.7799987792969,676.04638671875,85.80445098876953
2025-11-04,96.51596069335938,53.58074188232422,90.46328735351562,362.32000732421875,668.0328369140625,85.94898223876953
2025-11-05,96.25572967529297,54.06132888793945,91.0434341430664,366.510009765625,670.3478393554688,86.02606201171875
2025-11-06,96.6123275756836,53.65920639038086,90.84037780761719,366.07000732421875,663.1554565429688,85.61173248291016
2025-11-07,96.57376861572266,53.50227737426758,91.17880249023438,368.30999755859375,663.808349609375,86.94145202636719
2025-11-10,96.53524017333984,54.4438362121582,92.13602447509766,378.3800048828125,674.1666870117188,86.89326477050781
2025-11-11,96.82437896728516,54.502685546875,92.81285858154297,379.8699951171875,675.7099609375,87.86646270751953
2025-11-12,96.78581237792969,54.51249313354492,93.3639907836914,385.989990234375,676.0859375,87.21123504638672
2025-11-13,96.4966812133789,53.87498092651367,92.36808013916016,382.8699951171875,664.8670043945312,86.14169311523438
2025-11-14,96.38101196289062,53.90440368652344,92.10702514648438,375.9599914550781,664.7581176757812,86.32476043701172
2025-11-17,96.40028381347656,53.26688766479492,90.9080581665039,371.6499938964844,658.5648803710938,85.61173248291016
2025-11-18,96.4581298828125,53.0020751953125,89.72844696044922,374.3500061035156,653.0345458984375,85.9586181640625
2025-11-19,96.4581298828125,52.81571960449219,89.45771026611328,374.9599914550781,655.5574340820312,85.28413391113281
2025-11-20,96.57376861572266,52.08993911743164,88.22007751464844,374.8500061035156,645.5652465820312,84.92761993408203
2025-11-21,96.80509948730469,52.08012390136719,89.58341217041016,374.2699890136719,651.995849609375,86.30549621582031
2025-11-24,96.99785614013672,52.629371643066406,89.66075897216797,380.20001220703125,661.59228515625,86.53675079345703
2025-11-25,97.15206909179688,52.81571960449219,90.73401641845703,380.0799865722656,667.8151245117188,87.33649444580078
2025-11-26,97.30628204345703,53.19823455810547,91.72993469238281,383.1199951171875,672.4254760742188,87.721923828125
2025-11-28,97.17134857177734,53.27669143676758,92.03934478759766,387.8800048828125,676.0958251953125,88.010986328125
2025-12-01,96.75170135498047,53.237464904785156,91.58489227294922,389.75,673.0090942382812,86.99925231933594
2025-12-02,96.87740325927734,53.257080078125,91.89430236816406,387.239990234375,674.2557373046875,86.69091796875
2025-12-03,97.06111145019531,53.29631042480469,92.3874282836914,386.8800048828125,676.5905151367188,86.91253662109375
2025-12-04,96.82906341552734,53.28650665283203,92.63880920410156,387.1300048828125,677.085205078125,86.70055389404297
2025-12-05,96.72269439697266,53.688629150390625,92.63880920410156,386.44000244140625,678.3712768554688,86.60420227050781
2025-12-08,96.56797790527344,53.5709342956543,92.34874725341797,385.4200134277344,676.3333129882812,85.93934631347656
2025-12-09,96.48094940185547,53.482662200927734,92.2230453491211,387.3999938964844,675.7495727539062,85.61173248291016
2025-12-10,96.79037475585938,54.0809440612793,93.24797058105469,389.04998779296875,680.2312622070312,85.9200668334961
2025-12-11,96.80970764160156,53.8259391784668,93.79910278320312,393.239990234375,681.814208984375,86.29586029052734
2025-12-12,96.50994873046875,53.19823455810547,93.30598449707031,395.44000244140625,674.4832763671875,86.18987274169922
2025-12-15,96.6066665649414,53.04130935668945,93.8764419555664,395.79998779296875,673.4641723632812,86.45967102050781
2025-12-16,96.79037475585938,52.70604705810547,93.44133758544922,395.8900146484375,671.6240844726562,85.82372283935547
2025-12-17,96.76136779785156,52.32801055908203,92.68333435058594,399.2900085449219,664.2338256835938,86.14169311523438
2025-12-18,97.00308990478516,52.92491149902344,93.3428955078125,398.57000732421875,669.2496337890625,85.68882751464844
2025-12-19,96.86146545410156,53.442222595214844,93.9729232788086,399.0199890136719,675.3153686523438,85.36121368408203
2025-12-22,96.8226547241211,53.73072052001953,94.20918273925781,408.2300109863281,679.5224609375,85.79974365234375
2025-12-23,96.8226547241211,54.029170989990234,94.79000091552734,413.6400146484375,682.628173828125,85.74140930175781
2025-12-24,97.03607940673828,54.13859939575195,94.90813446044922,411.92999267578125,685.0294799804688,86.30537414550781
2025-12-26,97.05548858642578,54.51663589477539,95.06563568115234,416.739990234375,684.9600219726562,86.40259552001953
2025-12-29,97.1718978881836,54.37736129760742,94.7801513671875,398.6000061035156,682.51904296875,86.57762145996094
2025-12-30,97.13310241699219,54.596221923828125,94.93766021728516,398.8900146484375,681.685546875,86.75264739990234
2025-12-31,96.90025329589844,54.427101135253906,94.53404235839844,396.30999755859375,676.635009765625,86.04283142089844
